语言,作者,歌名,BPM,拍号,热度
中文样例,夜游二人组,怪物,169.94,4/4拍,82
中文样例,叻莉莎·玛诺班,炎,152.04,4/4拍,78
中文样例,夜游二人组,群青,134.99,4/4拍,77
中文样例,叻莉莎·玛诺班,红莲华,134.94,4/4拍,76
中文样例,叻莉莎·玛诺班,红莲华,135.0,4/4拍,76
中文样例,菅田将晖,虹,143.96,4/4拍,76
中文样例,基德·库迪,勿忘,78.86,4/4拍,75
中文样例,弗洛朗·帕尼,残响散歌,170.86,4/4拍,75
中文样例,沃迪,不可幸力,94.03,4/4拍,74
中文样例,北村匠海,猫,154.04,4/4拍,74
中文样例,夜游二人组,祝福,170.04,4/4拍,74
中文样例,姜涛,风雨不改 (电影《阿妈有咗第二个》主题曲),62.92,4/4拍,73
中文样例,夏娃 (歌手),廻廻奇谭,92.59,4/4拍,73
中文样例,韩知城,白日,93.03,4/4拍,73
中文样例,夜游二人组,群青,134.98,4/4拍,72
中文样例,基德·库迪,勿忘,78.86,4/4拍,72
中文样例,米津玄师,感电,103.1,4/4拍,72
中文样例,瑛人,香水,121.76,4/4拍,71
中文样例,阎王,色彩,117.04,4/4拍,71
中文样例,任然,飞鸟和蝉,147.9,4/4拍,71
中文样例,八三夭,"想见你想见你想见你(电视剧""想见你""片尾曲)",129.81,4/4拍,70
中文样例,韩知城,三文小说,88.06,4/4拍,69
中文样例,韩知城,春泥棒,125.05,4/4拍,69
中文样例,阎王,麻痺,100.1,4/4拍,69
中文样例,星野源,创造,95.01,4/4拍,69
中文样例,夏娃 (歌手),廻廻奇谭,92.32,4/4拍,69
中文样例,姜涛,作品的说话,79.99,4/4拍,69
中文样例,告五人,在这座城市遗失了你 (戏剧《他们创业的那些鸟事》插曲),180.1,4/4拍,68
中文样例,藤井风,旅路,171.94,4/4拍,68
中文样例,大籽,白月光与朱砂痣,90.03,4/4拍,68
中文样例,韦礼安,"如果可以 - 电影""月老""主题曲",74.97,4/4拍,68
中文样例,茵娜,嚣张,133.99,4/4拍,67
中文样例,大箭将也,第六感,134.02,4/4拍,67
中文样例,周兴哲,怎么了,139.93,4/4拍,67
中文样例,程响,四季予你,141.97,4/4拍,67
中文样例,弗洛朗·帕尼、沃迪,地球仪,100.06,4/4拍,67
中文样例,李荣浩,乌梅子酱,169.99,3/4拍,66
中文样例,茄子蛋,爱情你比我想的阁较伟大 -《当男人恋爱时》电影主题曲,149.97,4/4拍,66
中文样例,陈卓贤,再见 宁静海,146.88,4/4拍,66
中文样例,陈奕迅,孤勇者 - 《英雄联盟:双城之战》动画剧集中文主题曲,130.02,4/4拍,66
中文样例,黄礼志、米津玄师,打上花火,95.97,4/4拍,66
中文样例,沃迪,不可幸力,94.03,4/4拍,66
中文样例,周兴哲、单依纯,爱我的时候,75.39,4/4拍,65
中文样例,音阙诗听、赵方婧,芒种,99.98,4/4拍,65
中文样例,詹雯婷,诀爱 (剧集《苍兰诀》片头曲),142.03,4/4拍,65
中文样例,周杰伦、阿信,说好不哭,152.02,4/4拍,65
中文样例,优里,桜晴,79.93,4/4拍,64
中文样例,姜涛,镜中镜,147.04,4/4拍,64
中文样例,徐佳莹,真的傻 (电影《一吻定情》追爱版主题曲),150.02,4/4拍,64
中文样例,五月天,因为你 所以我,152.1,4/4拍,64
中文样例,韩知城,泡,179.23,3/4拍,64
中文样例,周杰伦,告白气球,179.99,4/4拍,64
中文样例,家入里昂,未完成,90.12,4/4拍,64
中文样例,梁静茹,慢冷,92.05,4/4拍,64
中文样例,周杰伦,晴天,137.13,4/4拍,64
中文样例,任然,无人之岛,139.87,4/4拍,64
中文样例,邓紫棋,句号,143.94,4/4拍,64
中文样例,邓紫棋,"很久以后 - 电影《可不可以,你也刚好喜欢我》主题曲",145.94,4/4拍,64
中文样例,李荣浩,年少有为,131.89,4/4拍,63
中文样例,汪苏泷、王力宏,有点甜,104.98,4/4拍,63
中文样例,周兴哲,永不失联的爱,169.51,4/4拍,63
中文样例,阿冗,你的答案,175.91,4/4拍,63
中文样例,欧若拉,小情歌,132.07,4/4拍,63
中文样例,沃迪,灯火,110.0,4/4拍,63
中文样例,孙燕姿,遇见,91.86,4/4拍,63
中文样例,李玖哲,想太多,76.99,4/4拍,63
中文样例,藤井风,青春病,108.04,4/4拍,63
中文样例,瑛人,香水,121.83,4/4拍,63
中文样例,颜人中,有些,125.92,4/4拍,63
中文样例,陈卓贤,地球上的最后一朵花,125.88,4/4拍,63
中文样例,茄子蛋,阁爱妳一摆,133.92,4/4拍,63
中文样例,周兴哲,如果雨之后,136.72,4/4拍,63
中文样例,林俊杰,那些你很冒险的梦,135.1,4/4拍,63
中文样例,周杰伦,搁浅,122.71,4/4拍,62
中文样例,艾薇,失重前幸褔,130.05,4/4拍,62
中文样例,沃迪,灯火,110.0,4/4拍,62
中文样例,棉子,勇气,139.99,4/4拍,62
中文样例,姜涛,追,177.82,4/4拍,62
中文样例,青苹果夫人,春愁,129.96,4/4拍,62
中文样例,许馨文,太阳,124.08,4/4拍,62
中文样例,韩知城,千両役者,100.15,3/4拍,62
中文样例,告五人,披星戴月的想你,99.98,4/4拍,62
中文样例,韩知城,飞行艇,79.94,4/4拍,62
中文样例,梦然,少年,89.98,4/4拍,62
中文样例,黄丽玲,有一种悲伤 - 电影《比悲伤更悲伤的故事》主题曲,77.38,4/4拍,62
中文样例,告五人,唯一 (三立/台视戏剧《恋爱是科学》插曲),140.6,4/4拍,62
中文样例,于文文,体面(电影《前任3:再见前任》插曲),169.84,4/4拍,62
中文样例,狂野夏洛特,他们说我是没有用的年轻人,119.98,4/4拍,62
中文样例,蔡健雅,红色高跟鞋,176.02,4/4拍,62
中文样例,陈卓贤,留一天与你喘息,172.08,4/4拍,62
中文样例,神和斋罗沃弗拉奈,夜永呗,134.9,4/4拍,62
中文样例,周兴哲,以后别做朋友,130.58,4/4拍,62
中文样例,叻莉莎·玛诺班,炎,152.04,4/4拍,62
中文样例,未知歌手,宿命,164.03,4/4拍,62
中文样例,林俊杰,那些你很冒险的梦,135.87,4/4拍,62
中文样例,田馥甄,小幸运,157.92,4/4拍,62
中文样例,陈忻玥,炙爱 - 女声版,152.19,4/4拍,62
中文样例,阿珍,到底发生过什么事,165.97,4/4拍,62
中文样例,邓紫棋,来自天堂的魔鬼,135.99,4/4拍,62
中文样例,松本秀人,突破口,103.51,4/4拍,61
中文样例,持修,正想著你呢,168.17,4/4拍,61
中文样例,莫文蔚,慢慢喜欢你,130.12,4/4拍,61
中文样例,黄霄云,星辰大海,167.87,4/4拍,61
中文样例,海伊·萨雷特,366日,152.03,4/4拍,61
中文样例,五月天,突然好想你,140.11,4/4拍,61
中文样例,陈咏桐,说散就散,139.81,4/4拍,61
中文样例,王忻辰、苏星婕,清空,136.08,4/4拍,61
中文样例,林俊杰,修炼爱情,135.05,4/4拍,61
中文样例,林俊杰,不为谁而作的歌,145.05,4/4拍,61
中文样例,艾怡良,我这个人 - 《我没有谈的那场恋爱》电影宣传主题曲,142.47,4/4拍,61
中文样例,井胧,丢了你,122.07,4/4拍,61
中文样例,茄子蛋,浪子回头,129.52,4/4拍,61
中文样例,林家谦,时光倒流一句话,133.93,4/4拍,61
中文样例,宝藏,病,117.97,4/4拍,61
中文样例,陈乔恩,绿色,121.97,4/4拍,61
中文样例,歌手·当打之年,爱呗,169.96,4/4拍,61
中文样例,邓紫棋,平行世界,217.4,4/4拍,61
中文样例,林俊杰,她说,169.27,4/4拍,61
中文样例,五月天,后来的我们,78.01,4/4拍,61
中文样例,洛芮·辛格,花束,159.96,4/4拍,61
中文样例,无限开关,全力少年,133.95,4/4拍,61
中文样例,林俊杰,可惜没如果,79.99,4/4拍,61
中文样例,夏娃 (歌手)、马修·布兰克·弗朗卡德,平行线,120.98,4/4拍,61
中文样例,李素罗,她没在看我,98.96,4/4拍,61
中文样例,梁文音,那女孩对我说,79.97,4/4拍,61
中文样例,菲道尔,阿拉斯加海湾,120.56,4/4拍,60
中文样例,陈乔恩,你的酒馆对我打了烊,167.87,4/4拍,60
中文样例,米津玄师,天体観测,164.98,4/4拍,60
中文样例,薛之谦,演员,182.84,4/4拍,60
中文样例,陈奕迅,是但求其爱,181.86,4/4拍,60
中文样例,许光汉,别再想见我,141.9,4/4拍,60
中文样例,周兴哲,怎么了,140.05,4/4拍,60
中文样例,周杰伦,珊瑚海,145.99,4/4拍,60
中文样例,菅田将晖,糸,144.1,4/4拍,60
中文样例,庾澄庆,情非得已,106.91,4/4拍,60
中文样例,星野源,恋,158.12,4/4拍,60
中文样例,林俊杰、邓紫棋,手心的蔷薇,86.95,4/4拍,60
中文样例,汪苏泷,有点甜,104.98,4/4拍,60
中文样例,张敬轩,俏郎君,123.73,4/4拍,60
中文样例,茄子蛋,浪流连,123.59,4/4拍,60
中文样例,王心凌,当你,135.98,4/4拍,60
中文样例,理想混蛋,不是因为天气晴朗才爱你,135.78,4/4拍,60
中文样例,周杰伦、李健,等你下课,147.92,4/4拍,60
中文样例,周杰伦、阿信,说好不哭,75.86,4/4拍,60
中文样例,魏如萱,彼个所在,139.86,4/4拍,60
中文样例,王昆,情人,86.06,4/4拍,60
中文样例,邓紫棋、周兴哲,别勉强,164.1,4/4拍,60
中文样例,井胧,不删,163.63,4/4拍,60
中文样例,周杰伦,七里香,142.13,4/4拍,60
中文样例,周杰伦,安静,143.86,4/4拍,60
中文样例,吴青峰,"起风了 - 电视剧""加油你是最棒的""主题曲",73.96,4/4拍,60
中文样例,邓紫棋,泡沫,136.02,4/4拍,60
中文样例,陈奕迅,让我留在你身边,169.69,4/4拍,59
中文样例,陈嘉桦,好想爱这个世界啊,159.87,4/4拍,59
中文样例,安全识别码,嘘,179.83,4/4拍,59
中文样例,阿涵,过客,208.22,4/4拍,59
中文样例,胡66,后来遇见他,127.96,4/4拍,59
中文样例,任然,疑心病,124.1,4/4拍,59
中文样例,周兴哲,我很快乐,149.61,4/4拍,59
中文样例,雷米奥罗门,3月9日,152.94,4/4拍,59
中文样例,光良,童话,136.02,4/4拍,59
中文样例,杨丞琳,年轮说,148.0,4/4拍,59
中文样例,周杰伦,蒲公英的约定,135.98,4/4拍,59
中文样例,汤令山,国际孤独等级,135.51,4/4拍,59
中文样例,胡彦斌,你要的全拿走,133.99,4/4拍,59
中文样例,周杰伦,枫,134.43,4/4拍,59
中文样例,阿冗,与我无关,123.86,4/4拍,59
中文样例,陈奕迅,十年,123.99,4/4拍,59
中文样例,蠕变,栞,100.5,4/4拍,59
中文样例,韩知城,伞,105.08,4/4拍,59
中文样例,杨宗纬、张碧晨,凉凉 - 电视剧《三生三世十里桃花》片尾曲,90.0,4/4拍,59
中文样例,李素罗,太阳,80.01,4/4拍,59
中文样例,林家谦,神奇的糊涂魔药,90.91,4/4拍,59
中文样例,黄礼志、米津玄师,打上花火,96.0,4/4拍,59
中文样例,黄丽玲,给我一个理由忘记,133.18,4/4拍,59
中文样例,司南,冬眠,129.99,4/4拍,59
中文样例,林俊杰,当你,133.96,4/4拍,59
中文样例,周杰伦,一路向北,133.92,4/4拍,59
中文样例,胡夏,那些年,79.04,4/4拍,59
中文样例,莫文蔚,呼吸有害,77.98,4/4拍,59
中文样例,雪二,渐冷,99.03,4/4拍,58
中文样例,徐佳莹,你敢不敢,92.0,4/4拍,58
中文样例,陈奕迅,我们 - 《后来的我们》电影主题曲,144.58,4/4拍,58
中文样例,陈芳语,爱你,144.03,4/4拍,58
中文样例,卢广仲,几分之几 - 电影<花甲大人转男孩>主题曲,143.82,4/4拍,58
中文样例,李荣浩,"不将就 (电影""何以笙箫默""片尾曲)",143.79,4/4拍,58
中文样例,孙燕姿,我怀念的,139.97,4/4拍,58
中文样例,黄鸿升,地球上最浪漫的一首歌,139.99,4/4拍,58
中文样例,告五人,爱人错过,140.04,4/4拍,58
中文样例,周深,大鱼 - 唱片版,140.19,4/4拍,58
中文样例,林恺伦,输情歌,149.96,4/4拍,58
中文样例,刘若英,后来,149.78,4/4拍,58
中文样例,林哥·史达,枫,80.11,4/4拍,58
中文样例,藤井风,梦花火,80.03,4/4拍,58
中文样例,徐若瑄,别人的 - 电影《孤味》片尾曲,76.01,4/4拍,58
中文样例,周杰伦、张惠妹,不该,75.03,4/4拍,58
中文样例,王贰浪,像鱼,139.9,4/4拍,58
中文样例,邓紫棋,平凡天使,139.75,4/4拍,58
中文样例,林忆莲,至少还有你,124.69,4/4拍,58
中文样例,周杰伦,最长的电影,120.86,4/4拍,58
中文样例,郁可唯,路过人间 (电视剧《我们与恶的距离》插曲),129.93,4/4拍,58
中文样例,蔡明,水星记,134.17,4/4拍,58
中文样例,邓紫棋,超能力,112.98,4/4拍,58
中文样例,周杰伦,说好的幸福呢,117.61,4/4拍,58
中文样例,谢丽尔,阿拉斯加海湾,117.81,4/4拍,58
中文样例,林家谦,下一位前度,117.89,4/4拍,58
中文样例,黄明志、王力宏,飘向北方,173.91,4/4拍,58
中文样例,张惠妹,缓缓,172.01,4/4拍,58
中文样例,周杰伦,稻香,163.98,4/4拍,58
中文样例,千本樱,千本桜,154.02,4/4拍,58
中文样例,周杰伦,青花瓷,108.01,4/4拍,58
中文样例,亚历山德罗斯·班乃,闪光,104.06,4/4拍,58
中文样例,林俊杰,江南,120.02,4/4拍,58
中文样例,李荣浩,戒烟,120.0,4/4拍,58
中文样例,张惠妹,连名带姓,80.88,4/4拍,58
中文样例,雷米奥罗门,粉雪,82.03,4/4拍,58
中文样例,田馥甄,悬日,82.94,4/4拍,58
中文样例,周兴哲,永不失联的爱 [原创概念版],84.76,4/4拍,58
中文样例,周杰伦,夜曲,86.98,4/4拍,58
中文样例,王力宏,你不知道的事,86.98,4/4拍,58
中文样例,刘若英,各自安好,91.85,4/4拍,58
中文样例,邓紫棋,差不多姑娘,87.99,4/4拍,58
中文样例,王靖雯不胖,不知所措,127.97,4/4拍,57
中文样例,南拳妈妈,下雨天,127.97,4/4拍,57
中文样例,冰辣妹,心如止水,128.02,4/4拍,57
中文样例,刘瑞琦,房间 (电影《超时空同居》插曲),129.64,4/4拍,57
中文样例,高尔宣,最后一次,89.99,4/4拍,57
中文样例,凑崎纱夏,桜,83.47,4/4拍,57
中文样例,陈卓义、郑可为,你还不知道?,94.0,4/4拍,57
中文样例,林俊杰、蔡卓妍,小酒窝,95.2,4/4拍,57
中文样例,蔡依林,玫瑰少年,98.01,4/4拍,57
中文样例,薛之谦,你还要我怎样,95.53,4/4拍,57
中文样例,鱼韵,新宝岛,158.0,4/4拍,57
中文样例,林俊杰,醉赤壁,82.04,4/4拍,57
中文样例,韩知城,盗作,99.99,4/4拍,57
中文样例,傲七爷,是想你的声音啊,126.01,4/4拍,57
中文样例,韩知城,蓝二乗,105.07,4/4拍,57
中文样例,潘玮柏、未知歌手,不得不爱,80.0,4/4拍,57
中文样例,谢安琪,囍帖街,125.91,4/4拍,57
中文样例,陈忻玥,没有关系,144.07,4/4拍,57
中文样例,陶喆,就是爱妳,148.1,4/4拍,57
中文样例,大箭将也,宵々古今,150.06,4/4拍,57
中文样例,丁当,猜不透,139.96,4/4拍,57
中文样例,邓紫棋,透明,138.06,4/4拍,57
中文样例,梁静茹,情歌,139.91,4/4拍,57
中文样例,阿涵、阿约97,感谢你曾来过,160.02,4/4拍,57
中文样例,邓紫棋,倒数,164.06,4/4拍,57
中文样例,妮可拉·罗伯兹,火炎,169.84,4/4拍,57
中文样例,魏奇奇,"爱,存在",176.84,4/4拍,57
中文样例,橘子新乐园,花,183.7,4/4拍,57
中文样例,纪家盈,家家酒,132.1,4/4拍,57
中文样例,茵娜,间距,130.06,4/4拍,57
中文样例,未知歌手,宿命,164.03,4/4拍,57
中文样例,阿珍,未开始已经结束,137.99,4/4拍,57
中文样例,张紫豪,可不可以 - 抖音热歌,135.01,4/4拍,57
中文样例,野田洋次郎,最大公约数,136.02,4/4拍,57
中文样例,陶喆,"爱, 很简单",137.64,4/4拍,57
中文样例,于文文,余地,137.76,4/4拍,57
中文样例,陈咏桐,说散就散,139.68,4/4拍,57
中文样例,张敬轩,只是太爱你,130.0,4/4拍,57
中文样例,徐佳莹,失落沙洲,80.2,4/4拍,57
中文样例,绚香,三日月,143.76,4/4拍,57
中文样例,王心凌,大眠,136.2,4/4拍,56
中文样例,长谷川白纸,青春狂騒曲,136.25,4/4拍,56
中文样例,李圣杰,手放开,111.94,4/4拍,56
中文样例,飞儿乐团,我们的爱,136.05,4/4拍,56
中文样例,陈奕迅、王菲,因为爱情,175.94,4/4拍,56
中文样例,韩红、林俊杰,飞云之下,109.99,4/4拍,56
中文样例,王心凌,心灵的冒险,124.03,4/4拍,56
中文样例,小乐哥,执迷不悟,120.06,4/4拍,56
中文样例,陈凯咏,隔离,120.01,4/4拍,56
中文样例,鱼韵,新宝岛,157.99,4/4拍,56
中文样例,周杰伦,不能说的秘密,143.92,4/4拍,56
中文样例,夏娃 (歌手),心予报,142.92,4/4拍,56
中文样例,陈小春,独家记忆,79.91,4/4拍,56
中文样例,孙燕姿,余额,76.39,4/4拍,56
中文样例,迈克尔·克里图,『存在』,87.88,4/4拍,56
中文样例,梦然,少年,89.98,4/4拍,56
中文样例,邓紫棋,孤独,84.03,4/4拍,56
中文样例,陈雪燃,"无名之辈 (电视剧《亲爱的, 热爱的》主题曲)",85.0,4/4拍,56
中文样例,陈忻玥,烟幕,140.12,4/4拍,56
中文样例,容祖儿,东京人寿,142.14,4/4拍,56
中文样例,萧敬腾,让我为你唱情歌,171.11,4/4拍,56
中文样例,曲肖冰,太阳,123.98,4/4拍,56
中文样例,王霏霏,"我多喜欢你,你会知道 - 网剧《致我们单纯的小美好》推广曲",108.02,4/4拍,56
中文样例,陈奕迅,盲婚哑嫁,153.94,4/4拍,56
中文样例,周杰伦,彩虹,147.92,4/4拍,56
中文样例,愚蠢的家伙,伪爱,79.98,4/4拍,56
中文样例,任然,后继者,131.84,4/4拍,56
中文样例,大泫,静悄悄,131.93,4/4拍,56
中文样例,邓紫棋,你不是真正的快乐,163.92,4/4拍,56
中文样例,周国贤、尼克·强纳斯,时间的初衷 (电影《一秒拳王》主题曲),164.04,4/4拍,56
中文样例,邓紫棋,喜欢你,156.15,4/4拍,56
中文样例,五月天,我不愿让你一个人,144.01,4/4拍,56
中文样例,王以太,危险派对,104.98,4/4拍,56
中文样例,李圣杰,痴心绝对,106.76,4/4拍,56
中文样例,张敬轩,春秋,98.66,4/4拍,56
中文样例,张学友,每天爱你多一些,100.03,4/4拍,56
中文样例,宇多田光,初恋,92.22,4/4拍,56
中文样例,容祖儿,就让这大雨全都落下,136.0,4/4拍,56
中文样例,音、前岛总志,夜明乃呗,94.0,4/4拍,56
中文样例,张学友、高慧君,你最珍贵,93.92,4/4拍,56
中文样例,邓紫棋,再见,135.89,4/4拍,56
中文样例,毛不易,不染 (电视剧《香蜜沉沉烬如霜》主题曲),135.83,4/4拍,56
中文样例,辛格,公私混同,128.03,4/4拍,56
中文样例,林家谦,小林不动产,134.89,4/4拍,56
中文样例,杨丞琳,雨爱,159.96,4/4拍,56
中文样例,理芽,食虫植物,122.94,4/4拍,56
中文样例,张惠妹,人质,128.9,4/4拍,56
中文样例,陈柏宇,你瞒我瞒,75.99,4/4拍,56
中文样例,孙燕姿,开始懂了,117.93,4/4拍,56
中文样例,小潘潘、小峰峰（陈峰）,学猫叫,115.04,4/4拍,56
中文样例,陈奕迅,好久不见,114.47,3/4拍,56
中文样例,曾之乔,遗憾,112.56,4/4拍,56
中文样例,德科*27,乙女解剖,134.01,4/4拍,56
中文样例,告五人,丑人多作怪 (《新斗罗大陆》手游半周年主题曲),90.03,4/4拍,56
中文样例,林俊杰,背对背拥抱,129.55,4/4拍,56
中文样例,王菲,如愿,132.88,4/4拍,56
中文样例,吴青峰,起风了,73.96,4/4拍,56
中文样例,陈奕迅,淘汰,117.98,4/4拍,56
中文样例,几田莉拉,本音,157.99,4/4拍,56
中文样例,林宥嘉,兜圈,117.96,4/4拍,56
中文样例,林宥嘉,天真有邪,128.13,4/4拍,55
中文样例,张学友,又十年,129.68,4/4拍,55
中文样例,林俊杰,交换余生,130.22,4/4拍,55
中文样例,方皓玟,假使世界原来不像你预期,139.82,4/4拍,55
中文样例,橡皮筋,未来见,145.91,4/4拍,55
中文样例,洛芮·辛格,大不正解,145.11,4/4拍,55
中文样例,阿珍,怀旧金曲之夜,142.03,4/4拍,55
中文样例,方大同,特别的人,139.99,4/4拍,55
中文样例,林恺伦,别问很可怕,125.9,3/4拍,55
中文样例,容祖儿,心淡,125.91,4/4拍,55
中文样例,秋塬依,错季,128.03,4/4拍,55
中文样例,韦礼安,慢慢等,128.03,4/4拍,55
中文样例,欧若拉,你被写在我的歌里,203.56,4/4拍,55
中文样例,杨宇腾,水蓝色情人,203.42,4/4拍,55
中文样例,杨丞琳,青春住了谁,148.07,4/4拍,55
中文样例,辛迪·格雷科,未来予想図Ⅱ,147.83,4/4拍,55
中文样例,周杰伦,退后,131.95,4/4拍,55
中文样例,林家谦,在空中的这一秒,91.07,4/4拍,55
中文样例,周传雄,黄昏,78.04,4/4拍,55
中文样例,歌手·当打之年,道,94.98,4/4拍,55
中文样例,六哲,毕竟深爱过,131.94,4/4拍,55
中文样例,周杰伦,发如雪,116.05,4/4拍,55
中文样例,王力宏,我知道,115.92,4/4拍,55
中文样例,张震岳,爱我别走,90.08,4/4拍,55
中文样例,卢广仲,鱼仔 - 电视剧<花甲男孩转大人>主题曲,82.01,4/4拍,55
中文样例,周杰伦,简单爱,96.99,4/4拍,55
中文样例,陈彦允,天后,160.04,4/4拍,55
中文样例,卢巧音、王力宏,好心分手,114.04,4/4拍,55
中文样例,张杰,他不懂,122.05,4/4拍,55
中文样例,蔡依林,说爱你,102.0,4/4拍,55
中文样例,周杰伦,给我一首歌的时间,118.0,4/4拍,55
中文样例,杨千嬅,可惜我是水瓶座,169.98,4/4拍,55
中文样例,魏如萱,你啊你啊 - 电视剧「用九柑仔店」插曲,123.86,4/4拍,55
中文样例,陈奕迅,明年今日,123.97,4/4拍,55
中文样例,韩知城,花人局,125.0,4/4拍,55
中文样例,张学友,我真的受伤了,72.92,4/4拍,55
中文样例,蔡健雅,十万毫升泪水,75.07,5/4拍,55
中文样例,陈卓贤,正式开始,73.95,4/4拍,55
中文样例,黄丽玲,有一种悲伤 - 电影《比悲伤更悲伤的故事》主题曲,77.44,4/4拍,55
中文样例,品冠,我以为,76.97,4/4拍,55
中文样例,周兴哲,小时候的我们,135.05,4/4拍,55
中文样例,颜人中,假装没变过,135.92,4/4拍,55
中文样例,蔡依林,倒带,130.41,4/4拍,55
中文样例,陈小春,相依为命,133.12,4/4拍,55
中文样例,石井龙也,浪漫飞行,137.21,4/4拍,55
中文样例,姜涛,蒙著嘴说爱你,95.0,4/4拍,55
中文样例,韩知城,思想犯,100.02,4/4拍,55
中文样例,刘大壮,会不会 - 正式版,122.91,4/4拍,55
中文样例,迪林杰逃亡计划,夜空中最亮的星,107.99,4/4拍,55
中文样例,古巨基,飘流教室,109.68,4/4拍,55
中文样例,王菲,红豆,111.82,4/4拍,55
中文样例,周杰伦,明明就,112.98,4/4拍,55
中文样例,李圣杰,最近,113.88,4/4拍,55
中文样例,任然,空空如也,156.14,4/4拍,55
中文样例,周杰伦,听见下雨的声音,172.12,4/4拍,55
中文样例,王俊凯、蔡依林,心引力,187.65,4/4拍,55
中文样例,胡66,都怪我,187.91,4/4拍,55
中文样例,都敬秀,昙天,188.78,4/4拍,55
中文样例,艾伦·威尔森,心絵,189.95,4/4拍,55
中文样例,王心凌,爱你,200.17,4/4拍,55
中文样例,持修,用破碎的心修好破碎的心,105.33,4/4拍,55
中文样例,薛之谦,认真的雪,104.96,4/4拍,55
中文样例,张敬轩,赛勒斯的爱,139.58,4/4拍,55
中文样例,陈忻玥,500天,137.99,4/4拍,55
中文样例,放克猴宝贝,告白,184.04,4/4拍,54
中文样例,周杰伦,龙卷风,143.94,4/4拍,54
中文样例,萨顶顶,左手指月 (电视剧《香蜜沉沉烬如霜》片尾曲),145.96,4/4拍,54
中文样例,戴佩妮,你要的爱,147.99,4/4拍,54
中文样例,703号室,伪物勇者,154.97,4/4拍,54
中文样例,李玉刚,刚好遇见你,155.99,4/4拍,54
中文样例,田馥甄,小幸运 - 电影《我的少女时代》主题曲,157.92,4/4拍,54
中文样例,井迪,失控,159.92,4/4拍,54
中文样例,张国荣,追,179.7,4/4拍,54
中文样例,张学友,你的名字 我的姓氏,131.71,3/4拍,54
中文样例,林俊杰,爱笑的眼睛,132.63,4/4拍,54
中文样例,陶喆,爱我还是他,133.02,4/4拍,54
中文样例,冯允谦,给缺席的人唱首歌,133.99,4/4拍,54
中文样例,林俊杰,将故事写成我们,134.93,4/4拍,54
中文样例,我是歌手 (第三季),恶作剧,135.98,4/4拍,54
中文样例,周杰伦,晴天,137.13,4/4拍,54
中文样例,张敬轩,樱花树下,143.68,4/4拍,54
中文样例,陈卓贤,鲸落,122.88,4/4拍,54
中文样例,鲸鱼不睡觉、莱尔·劳伏特,金木犀,123.03,4/4拍,54
中文样例,毛不易,像我这样的人,123.2,4/4拍,54
中文样例,郭静,心墙,123.88,4/4拍,54
中文样例,莫文蔚,如果没有你,125.89,4/4拍,54
中文样例,沈以诚,雨 (电视剧《以家人之名》插曲),125.93,4/4拍,54
中文样例,周杰伦,爱在西元前,126.81,4/4拍,54
中文样例,张惠妹,掉了,162.02,4/4拍,54
中文样例,于文文,体面,169.84,4/4拍,54
中文样例,韩知城,夜行,170.04,4/4拍,54
中文样例,王靖雯不胖,善变,173.68,4/4拍,54
中文样例,飞儿乐团,月牙湾,174.03,4/4拍,54
中文样例,孙燕姿,逆光,175.92,4/4拍,54
中文样例,梁静茹、卢广仲,不是我不明白,130.13,4/4拍,54
中文样例,光良,第一次,104.75,4/4拍,54
中文样例,周杰伦,算什么男人,106.94,4/4拍,54
中文样例,周杰伦,我不配,108.02,4/4拍,54
中文样例,颜人中,晚安,108.04,4/4拍,54
中文样例,徐佳莹,喜欢你,109.91,4/4拍,54
中文样例,蠕变,忧、灿々,109.99,4/4拍,54
中文样例,梁静茹,会呼吸的痛,112.01,4/4拍,54
中文样例,茄子蛋,恰似你的温柔,137.2,4/4拍,54
中文样例,周杰伦,开不了口,139.95,4/4拍,54
中文样例,周柏豪,"让爱高飞 - 剧集 ""多功能老婆"" 片尾曲",139.98,4/4拍,54
中文样例,阿珍,银河修理员,140.01,4/4拍,54
中文样例,第21届金曲奖,我常常想起你,140.82,3/4拍,54
中文样例,杨丞琳,带我走,141.94,4/4拍,54
中文样例,林隆璇、李圣杰,你那么爱她,120.16,4/4拍,54
中文样例,张学友,吻别,121.9,4/4拍,54
中文样例,神山羊,韵波句徒,122.03,4/4拍,54
中文样例,梁静茹,可惜不是你,73.78,4/4拍,54
中文样例,告五人,爱在夏天,74.97,4/4拍,54
中文样例,马拉卡什,奇迹,77.01,4/4拍,54
中文样例,优里,桜晴,79.93,4/4拍,54
中文样例,林俊杰,对的时间点,82.34,4/4拍,54
中文样例,李玖哲,围墙,127.84,4/4拍,54
中文样例,五月天,你不是真正的快乐,164.08,4/4拍,54
中文样例,安珀·莱利,足迹,165.71,4/4拍,54
中文样例,李友廷,谁,128.56,4/4拍,54
中文样例,李润祺,茫,129.94,4/4拍,54
中文样例,杨宗纬,洋葱,129.97,4/4拍,54
中文样例,于果,侧脸,130.06,4/4拍,54
中文样例,陈奕迅,单车,130.07,4/4拍,54
中文样例,毛不易,消愁,112.02,4/4拍,54
中文样例,周兴哲,受够,139.66,4/4拍,54
中文样例,日本环球音乐,春夏秋冬 2019,139.88,4/4拍,54
中文样例,宇多田光,道,117.09,4/4拍,54
中文样例,王七七,我愿意平凡的陪在你身旁,117.16,4/4拍,54
中文样例,梁静茹,接受,119.97,4/4拍,54
中文样例,梁静茹,勇气,115.8,4/4拍,54
中文样例,古巨基,自我安慰,84.12,4/4拍,54
中文样例,老王乐队,我还年轻 我还年轻,127.89,4/4拍,54
中文样例,林宥嘉,说谎,128.05,4/4拍,54
中文样例,周杰伦,听妈妈的话,92.99,4/4拍,54
中文样例,蔡依林,怪美的,97.98,4/4拍,54
中文样例,卓义峰,再见烟火,98.07,4/4拍,54
中文样例,泰拉,常夜灯,99.0,4/4拍,54
中文样例,张杰,三生三世 - 电视剧《三生三世十里桃花》片头曲,102.06,3/4拍,54
中文样例,胡夏、郁可唯,"知否知否 - ""知否知否应是绿肥红瘦"" 电视剧主题曲",103.98,4/4拍,54
中文样例,薛之谦,刚刚好,113.67,4/4拍,54
中文样例,宇多田光,光,87.89,4/4拍,54
中文样例,张震岳,思念是一种病,90.02,4/4拍,54
中文样例,周兴哲,终于了解自由,104.95,4/4拍,53
中文样例,莫文蔚,忽然之间,138.07,4/4拍,53
中文样例,第35届金曲奖,山海,160.04,4/4拍,53
中文样例,爱美,炉心融解,164.97,4/4拍,53
中文样例,林俊杰,黑夜问白天,134.55,4/4拍,53
中文样例,邦妮·瑞特,相爱伞,94.98,4/4拍,53
中文样例,新乐尘符,123我爱你,90.02,4/4拍,53
中文样例,敏敏,纯恋歌,93.8,4/4拍,53
中文样例,李荣浩,麻雀,85.02,4/4拍,53
中文样例,周杰伦,告白气球,90.0,4/4拍,53
中文样例,张韶涵,淋雨一直走,94.03,4/4拍,53
中文样例,李玖哲,夏天,94.0,4/4拍,53
中文样例,汤令山,笑住喊,136.96,4/4拍,53
中文样例,二宫和也,夏疾风,136.98,4/4拍,53
中文样例,吕爵安,一表人才,135.9,4/4拍,53
中文样例,刘浩龙,思觉失调,135.99,4/4拍,53
中文样例,米津玄师,新世界,162.91,4/4拍,53
中文样例,五月天,倔强,155.94,4/4拍,53
中文样例,许嵩,有何不可,202.02,4/4拍,53
中文样例,茄子蛋,敢傻敢冲 - 2020黑松沙士年度主题曲,134.04,4/4拍,53
中文样例,第34届金曲奖,踮起脚尖爱,134.25,4/4拍,53
中文样例,张学友,"相爱很难 - 电影""男人四十""歌曲",134.51,4/4拍,53
中文样例,张信哲,爱如潮水,134.03,4/4拍,53
中文样例,周杰伦,半岛铁盒,129.98,4/4拍,53
中文样例,周杰伦,借口,130.93,4/4拍,53
中文样例,蔡旻佑,我可以,132.82,4/4拍,53
中文样例,陈粒,小半,164.95,3/4拍,53
中文样例,邓丽君,我只在乎你,140.13,4/4拍,53
中文样例,林俊杰,幸存者,138.29,4/4拍,53
中文样例,李佳薇,煎熬,139.2,4/4拍,53
中文样例,伊登·布洛林,光辉岁月,148.16,4/4拍,53
中文样例,凑崎纱夏,未来,147.94,4/4拍,53
中文样例,张震岳、顽童116,慢飞,145.92,4/4拍,53
中文样例,比利·穆雷,助演男优赏,145.1,4/4拍,53
中文样例,五月天,玫瑰少年,95.98,4/4拍,53
中文样例,叻莉莎·玛诺班,红莲华,135.0,4/4拍,53
中文样例,邓紫棋,多远都要在一起,135.73,4/4拍,53
中文样例,福山雅治,心音,99.92,4/4拍,53
中文样例,优里,飞行船,100.07,4/4拍,53
中文样例,福山雅治,虹,101.34,4/4拍,53
中文样例,阿杜,他一定很爱你,101.94,4/4拍,53
中文样例,福山雅治,桜坂,103.99,4/4拍,53
中文样例,蔡依林、肖佳,我是谁 (电视剧《狼殿下》主题曲),77.01,4/4拍,53
中文样例,周杰伦,说了再见,124.04,4/4拍,53
中文样例,王力宏,另一个天堂,127.84,4/4拍,53
中文样例,黄宣、颂乐,怪天气,77.55,4/4拍,53
中文样例,拉斐尔·鲁伊斯·阿马多尔,蓝,97.2,3/4拍,53
中文样例,飞伊,万有引力,97.53,4/4拍,53
中文样例,李玖哲,想太多,77.1,4/4拍,53
中文样例,袁娅维,"说散就散 - ""前任3: 再见前任"" 电影主题曲",138.27,4/4拍,53
中文样例,张韶涵,亲爱的那不是爱情,149.85,4/4拍,53
中文样例,汪苏泷,一笑倾城,117.98,4/4拍,53
中文样例,张惠妹,听海,123.89,4/4拍,53
中文样例,薛之谦,丑八怪,124.03,4/4拍,53
中文样例,李荣浩,李白,114.93,4/4拍,53
中文样例,瑞安·托比,像极了,105.07,4/4拍,53
中文样例,陈奕迅,爱情转移(国),105.26,4/4拍,53
中文样例,郑中基,无赖,111.02,4/4拍,53
中文样例,任然,走不出的回忆,180.04,4/4拍,53
中文样例,野田洋次郎,梦灯笼,177.92,3/4拍,53
中文样例,周杰伦,星晴,177.79,4/4拍,53
中文样例,王靖雯不胖,"爱,存在",177.72,4/4拍,53
中文样例,高卿尘,梦里的女孩 - 电影《想见你》插曲,175.95,4/4拍,53
中文样例,周杰伦,回到过去,170.15,4/4拍,53
中文样例,森内贵宽,眩光,194.96,4/4拍,53
中文样例,周杰伦,兰亭序,152.05,4/4拍,53
中文样例,孙盛希,恒温,129.97,5/4拍,53
中文样例,萧敬腾,新不了情,67.91,4/4拍,53
中文样例,张国荣,有心人,72.02,4/4拍,53
中文样例,黄丽玲,拿走了什么,75.01,4/4拍,53
中文样例,周杰伦,轨迹,75.21,4/4拍,53
中文样例,欧若拉,我好想你,76.03,4/4拍,53
中文样例,第30届金曲奖,挡一根,76.06,4/4拍,53
中文样例,林家谦,特伦斯梦游仙境,124.04,4/4拍,53
中文样例,蔡健雅,我要给世界最悠长的湿吻,149.99,4/4拍,53
中文样例,张天赋,还原泪,150.26,4/4拍,53
中文样例,告五人,带我去找夜生活,128.0,4/4拍,53
中文样例,田馥甄,无人知晓,129.39,4/4拍,53
中文样例,陈奕迅,无条件,129.91,4/4拍,53
中文样例,范玮琪、张韶涵,如果的事,129.96,4/4拍,53
中文样例,王琪,可可托海的牧羊人,129.97,4/4拍,53
中文样例,美轮明宏、宇野实彩子,夜空。,83.42,4/4拍,53
中文样例,未知歌手,再见只是陌生人,82.0,4/4拍,53
中文样例,萧煌奇,送予你的歌,79.94,4/4拍,53
中文样例,白安,是什么让我遇见这样的你,78.69,4/4拍,53
中文样例,告五人,与海无关,78.16,4/4拍,53
中文样例,邓丽君,月亮代表我的心,78.09,4/4拍,53
中文样例,邓紫棋,句号,143.94,4/4拍,52
中文样例,田馥甄,讽刺的情书,155.88,4/4拍,52
中文样例,杨丞琳,像是一颗星星,151.91,4/4拍,52
中文样例,周兴哲,至少我还记得 - 天堂的微笑插曲,168.22,4/4拍,52
中文样例,张韶涵,欧若拉,170.0,4/4拍,52
中文样例,泽田泰司,絵空,161.94,4/4拍,52
中文样例,吕爵安,小谐星,164.46,4/4拍,52
中文样例,李荣浩,爸爸妈妈,101.92,4/4拍,52
中文样例,张敬轩,断点,100.0,4/4拍,52
中文样例,天月,轮廻転生,195.98,4/4拍,52
中文样例,五月天,私奔到月球,184.27,4/4拍,52
中文样例,周杰伦,花 海,74.98,4/4拍,52
中文样例,米津玄师,记念撮影,119.92,4/4拍,52
中文样例,时完,致姗姗来迟的你,119.99,4/4拍,52
中文样例,白小白,我爱你不问归期,80.04,4/4拍,52
中文样例,陈洁仪,心动,78.19,3/4拍,52
中文样例,张惠妹,身后,77.88,3/4拍,52
中文样例,布伦登·尤里,结,77.02,4/4拍,52
中文样例,告五人,同样一个你,94.97,4/4拍,52
中文样例,安良城红,永远,97.95,4/4拍,52
中文样例,韩知城,昼鸢,130.0,4/4拍,52
中文样例,杨宗纬,洋葱,129.97,4/4拍,52
中文样例,蔡健雅,陌生人,76.5,4/4拍,52
中文样例,鬼束千寻,月光,74.9,4/4拍,52
中文样例,折坂悠太,朝颜,72.24,4/4拍,52
中文样例,东京事变,群青日和,180.8,4/4拍,52
中文样例,亚细亚功夫世代,宿縁,171.02,4/4拍,52
中文样例,阿珍,银河修理员,140.01,4/4拍,52
中文样例,赵雷,我记得,140.0,4/4拍,52
中文样例,后醍醐乐团,银河鉄道999,142.8,4/4拍,52
中文样例,王灏儿,也可以,141.88,4/4拍,52
中文样例,梁嘉茵、陈柏宇,网络安全隐患,143.05,4/4拍,52
中文样例,王靖雯不胖,忘了没有,112.04,4/4拍,52
中文样例,小咪,我走后 - 发行版,120.02,4/4拍,52
中文样例,科里·菲兹派翠克,天梯,121.83,4/4拍,52
中文样例,季彦霖,一百万个可能,111.96,4/4拍,52
中文样例,王力宏,你不在,96.02,4/4拍,52
中文样例,林俊杰,美人鱼,95.02,4/4拍,52
中文样例,萧煌奇、茄子蛋,"写一条歌,写你我尔尔",108.04,3/4拍,52
中文样例,卓文萱,梁山伯与茱丽叶,120.02,4/4拍,52
中文样例,花4,流星雨,136.05,4/4拍,52
中文样例,未知歌手,好可惜,135.89,4/4拍,52
中文样例,梁静茹、艾怡良,飘洋过海来看你,119.82,4/4拍,52
中文样例,萧敬腾,萨哈星球,114.97,4/4拍,52
中文样例,张国荣,风继续吹,133.79,4/4拍,52
中文样例,柳应廷,坐看云起时,132.26,4/4拍,52
中文样例,小机场乐队,那阵时不知道,132.04,4/4拍,52
中文样例,孙燕姿,雨天,115.75,4/4拍,52
中文样例,第21届金曲奖,亲爱的朋友,115.51,4/4拍,52
中文样例,王力宏,心跳,115.5,4/4拍,52
中文样例,青山吉能,海浪,115.01,4/4拍,52
中文样例,周杰伦,千里之外,117.97,4/4拍,52
中文样例,林宥嘉,兜圈 (偶像剧「必娶女人」片尾曲),118.03,4/4拍,52
中文样例,林俊杰,关键词,135.88,4/4拍,52
中文样例,黄明志、邓紫棋,漂向北方,174.14,4/4拍,52
中文样例,容祖儿,烟花纪,138.36,4/4拍,52
中文样例,林家谦,记得,137.94,4/4拍,52
中文样例,曾沛慈,一个人想著一个人,136.1,4/4拍,52
中文样例,陆虎,雪落下的声音 - 片尾曲,174.9,4/4拍,52
中文样例,里克·辛普森,嗜爱动物,81.98,4/4拍,52
中文样例,朴树,平凡之路,83.99,4/4拍,52
中文样例,陈奕迅,尘大师,86.99,4/4拍,52
中文样例,周兴哲,爱情教会我们的事,89.91,4/4拍,52
中文样例,周杰伦,园游会,122.03,4/4拍,52
中文样例,张天赋,污糟儿,124.0,4/4拍,52
中文样例,柳应廷,狂人日记,124.99,4/4拍,52
中文样例,丁当,我爱他,81.96,4/4拍,52
中文样例,薛之谦,演员,91.61,4/4拍,52
中文样例,持修,根本不是我对手,94.01,4/4拍,52
中文样例,肖佳,不用去猜,129.92,4/4拍,52
中文样例,蔡依林,脑公,144.04,4/4拍,52
中文样例,林俊杰,交换余生,130.22,4/4拍,52
中文样例,萧敬腾,不完美的我 (电影《跟你老婆去旅行》主题曲),130.06,4/4拍,52
中文样例,田馥甄,魔鬼中的天使,130.03,4/4拍,52
中文样例,张栋梁,寂寞边界,145.93,4/4拍,52
中文样例,告五人,运气来得若有似无,151.53,4/4拍,52
中文样例,姜涛,孤独病,150.0,4/4拍,52
中文样例,李梦尹,雨下的瞬间,149.84,4/4拍,52
中文样例,徐佳莹,到此为止,149.81,4/4拍,52
中文样例,王力宏,依然爱你,147.99,4/4拍,52
中文样例,张天赋,及时行乐,143.99,4/4拍,52
中文样例,卢广仲,爱情怎么了吗,129.91,4/4拍,52
中文样例,五月天,洋葱,129.78,4/4拍,52
中文样例,张国荣,"今生今世 - 电影""金枝玉叶""歌曲",129.57,4/4拍,52
中文样例,张敬轩,只是太爱你,129.52,4/4拍,52
中文样例,前田爱,对的人,127.97,4/4拍,52
中文样例,蔡依林,我知道你很难过,125.81,4/4拍,52
中文样例,陈咏桐,我该放手,125.19,4/4拍,52
中文样例,柳应廷,水刑物语,139.89,4/4拍,52
中文样例,王杰,一场游戏一场梦,139.86,4/4拍,52
中文样例,田崎敬浩,道,139.61,4/4拍,52
中文样例,洛芮·辛格,恋,151.75,4/4拍,52
中文样例,山本达彦,想无,133.92,4/4拍,52
中文样例,优里,恋,133.94,4/4拍,52
中文样例,周杰伦,我落泪˙情绪零碎,133.94,4/4拍,52
中文样例,曹格,背叛,133.97,4/4拍,52
中文样例,薛之谦,天外来物,135.61,4/4拍,52
中文样例,卡特拉先生,365日,135.61,4/4拍,52
中文样例,卫兰,大哥,135.77,4/4拍,52
中文样例,邓紫棋,摩天动物园,172.11,4/4拍,52
中文样例,温岚、周杰伦,屋顶,175.48,4/4拍,52
中文样例,第35届金曲奖,大风吹,175.94,4/4拍,52
中文样例,颜人中,好喜欢你,176.03,4/4拍,52
中文样例,陶喆,普通朋友,177.82,4/4拍,52
中文样例,安全识别码,嘘,179.82,4/4拍,52
中文样例,无限开关,雫,179.94,3/4拍,52
中文样例,郑融,多喝水,139.94,4/4拍,52
中文样例,汪苏泷,小星星,135.96,4/4拍,51
中文样例,杨千嬅,野孩子,120.06,4/4拍,51
中文样例,辛格,夏色,120.15,4/4拍,51
中文样例,蔡健雅,无底洞,122.07,4/4拍,51
中文样例,班克斯 (歌手),糸,122.51,4/4拍,51
中文样例,林俊杰,学不会,123.72,4/4拍,51
中文样例,张学友,她来听我的演唱会,124.07,4/4拍,51
中文样例,犹大,醒,124.12,4/4拍,51
中文样例,胡66,浪人琵琶,144.14,4/4拍,51
中文样例,温蒂漫步,我想和你一起,143.98,4/4拍,51
中文样例,林家谦,某种老朋友,143.86,4/4拍,51
中文样例,吴克群,为你写诗,143.26,4/4拍,51
中文样例,林宥嘉,别让我走远 (电视剧《我们与恶的距离》主题曲),141.88,4/4拍,51
中文样例,森内贵宽,未完成交响曲,195.05,4/4拍,51
中文样例,侧田,命硬,185.09,3/4拍,51
中文样例,庄群施,我们不一样,139.96,4/4拍,51
中文样例,周杰伦、梁心颐,珊瑚海,145.82,4/4拍,51
中文样例,黄丽玲,幸福了 然后呢,135.85,4/4拍,51
中文样例,田馥甄,爱了很久的朋友(电影「后来的我们」插曲),130.64,4/4拍,51
中文样例,莫文蔚,慢慢喜欢你,130.06,4/4拍,51
中文样例,李荣浩,模特,129.99,4/4拍,51
中文样例,茄子蛋,日常,129.93,4/4拍,51
中文样例,郁可唯,路过人间,129.93,4/4拍,51
中文样例,王菲,匆匆那年,127.98,3/4拍,51
中文样例,李荣浩,耳朵,124.13,4/4拍,51
中文样例,张学友,分手总要在雨天,92.07,4/4拍,51
中文样例,林宥嘉,少女,91.1,4/4拍,51
中文样例,张栋梁,当你孤单你会想起谁,91.01,4/4拍,51
中文样例,影子计划,恋曲2020,85.02,4/4拍,51
中文样例,杨丞琳,暧昧,84.01,4/4拍,51
中文样例,朴树,平凡之路,84.0,4/4拍,51
中文样例,未知歌手,相思相爱,83.01,4/4拍,51
中文样例,颜人中,每一秒钟,120.05,4/4拍,51
中文样例,谢丽尔,夏天的风,120.03,4/4拍,51
中文样例,连诗雅,到此为止,135.82,4/4拍,51
中文样例,邓福如Ü,如果有如果,135.61,4/4拍,51
中文样例,周杰伦,可爱女人,135.47,4/4拍,51
中文样例,第34届金曲奖、吴卓源,买榜,135.12,4/4拍,51
中文样例,星野源,恋,157.99,4/4拍,51
中文样例,高卿尘,千年以后 - 三立/台视神幻旗舰大戏《天巡者》片尾曲,157.95,4/4拍,51
中文样例,世界的终结,周波数,133.05,4/4拍,51
中文样例,魏如萱,陪著你,113.96,3/4拍,51
中文样例,萧全、孙语赛,不仅仅是喜欢,110.03,4/4拍,51
中文样例,陈奕迅,富士山下,104.22,4/4拍,51
中文样例,梁静茹,暖暖,104.04,4/4拍,51
中文样例,魏如萱、许光汉,什么跟什么有什么关系,103.97,4/4拍,51
中文样例,吴卓源、娄峻硕,七十亿分之一加一,103.02,4/4拍,51
中文样例,灭火器乐团,长途夜车,102.97,3/4拍,51
中文样例,孙燕姿,我不难过,127.98,4/4拍,51
中文样例,萧敬腾,王妃,126.98,4/4拍,51
中文样例,小肥,时光机,126.9,4/4拍,51
中文样例,吴汶芳,伦敦的爱情,126.06,4/4拍,51
中文样例,毛不易,平凡的一天,126.06,4/4拍,51
中文样例,姜涛,一号种籽,125.96,4/4拍,51
中文样例,麦浚龙、谢安琪,罗生门,140.12,4/4拍,51
中文样例,王灏儿,我不想别离 - 剧集 “陀枪师姐2021” 主题曲,140.0,4/4拍,51
中文样例,邓紫棋,倒数,164.06,4/4拍,51
中文样例,阿珍,哪里只得我共你,164.32,4/4拍,51
中文样例,林逸欣,道听途说,167.89,4/4拍,51
中文样例,汪苏泷,小星星,135.97,4/4拍,51
中文样例,伍佰,挪威的森林,136.59,4/4拍,51
中文样例,周杰伦,菊花台,137.75,4/4拍,51
中文样例,鱼韵,多分、风。,139.06,4/4拍,51
中文样例,安溥,最好的时光,139.7,3/4拍,51
中文样例,王菲,执迷不悔,139.86,4/4拍,51
中文样例,浦田涉,大迷惑星。,139.94,4/4拍,51
中文样例,张韶涵,遗失的美好,99.82,4/4拍,51
中文样例,孙燕姿,半句再见,72.81,4/4拍,51
中文样例,郑秀文,终身美丽 (电影“瘦身男女”主题曲),72.88,4/4拍,51
中文样例,蔡健雅,空白格,73.82,4/4拍,51
中文样例,张碧晨,年轮(电视剧《花千骨》插曲),73.84,4/4拍,51
中文样例,刘大壮,我很好 - 吉他版,115.28,4/4拍,51
中文样例,张学友,一千个伤心的理由,134.06,4/4拍,51
中文样例,陈慧娴,千千阕歌,135.1,4/4拍,51
中文样例,周华健,让我欢喜让我忧,116.07,4/4拍,51
中文样例,薛之谦,像风一样,117.7,4/4拍,51
中文样例,周杰伦,黑色毛衣,118.02,4/4拍,51
中文样例,杨丞琳,匿名的好友,119.84,4/4拍,51
中文样例,郑秀文,我们都是这样长大的,159.83,4/4拍,51
中文样例,科里·菲兹派翠克,留下来的人,157.2,4/4拍,51
中文样例,汪苏泷,万有引力,97.5,4/4拍,51
中文样例,韩知城,准透明少年,97.47,4/4拍,51
中文样例,戴佩妮,街角的祝福,96.0,4/4拍,51
中文样例,张信哲,过火,125.84,4/4拍,51
中文样例,未知歌手,気分上々↑↑,125.02,4/4拍,51
中文样例,王心凌,第一次爱的人,94.0,4/4拍,51
中文样例,第30届金曲奖,卷烟,159.93,4/4拍,51
中文样例,要不要买菜,下山,163.97,4/4拍,51
中文样例,守夜人,我睡不著,145.91,4/4拍,51
中文样例,刘增瞳,多想留在你身边,146.0,4/4拍,51
中文样例,橡皮筋,发现号,146.05,4/4拍,51
中文样例,理想混蛋,行星,147.7,3/4拍,51
中文样例,蔡依林,甜秘密,150.13,4/4拍,51
中文样例,布伦登·尤里,结,153.94,4/4拍,51
中文样例,敏敏,睡莲花,156.12,4/4拍,51
中文样例,吴青峰,年轮说,74.16,4/4拍,51
中文样例,王力宏,缘分一道桥,79.02,4/4拍,51
中文样例,野田洋次郎,棒人间,115.54,3/4拍,51
中文样例,克利什那库马尔·孔纳特、王忻辰,迷失幻境,115.99,4/4拍,51
中文样例,蔡健雅,让浪漫作主,77.74,4/4拍,51
中文样例,黄义达,那女孩对我说,79.97,4/4拍,51
中文样例,蔡健雅,达尔文,78.01,4/4拍,51
中文样例,戴佩妮,你要的爱 - 心动版,81.86,4/4拍,51
中文样例,周蕙,约定,80.04,3/4拍,51
中文样例,茄子蛋,这款自作多情,98.0,4/4拍,51
中文样例,张敬轩,追风筝的孩子,99.78,4/4拍,51
中文样例,蔡琴、余天、朱莉·伦敦、潘越云、甄妮、李建复、林慧萍、王宗贤、黄莺莺、洪荣宏、陈淑桦、金智娟、王梦麟、李佩菁、费玉清、齐豫、郑怡、江蕙、播放歌手,明天会更好,74.62,4/4拍,51
中文样例,周杰伦,手写的从前,94.0,4/4拍,51
中文样例,那英,梦一场,210.53,4/4拍,51
中文样例,许志安、许慧欣,恋爱频率,202.02,4/4拍,51
中文样例,黄小琥,没那么简单,201.7,3/4拍,51
中文样例,田馥甄,皆可,94.76,4/4拍,51
中文样例,小宇,所谓的爱,75.92,4/4拍,51
中文样例,告五人,红,169.93,4/4拍,51
中文样例,李千那,"不曾回来过 - 电视剧""通灵少女""插曲",170.01,4/4拍,51
中文样例,周兴哲,我爱过你,169.93,4/4拍,51
中文样例,周杰伦,不爱我就拉倒,172.03,4/4拍,51
中文样例,洁希·尼尔森,味方,171.22,4/4拍,51
中文样例,林佳树,诱惑,179.81,4/4拍,51
中文样例,周杰伦,浪漫手机,170.02,4/4拍,51
中文样例,伍佰,梦醒时分,132.15,4/4拍,51
中文样例,韩知城,爆弾魔,180.07,4/4拍,51
中文样例,五月天,干杯,82.0,4/4拍,50
中文样例,胡夏,那些年,79.07,4/4拍,50
中文样例,朴梨华,春风,78.02,4/4拍,50
中文样例,莫文蔚,只是不够爱 - 《飞虎之雷霆极战》主题曲,77.98,4/4拍,50
中文样例,玉置浩二,田园,75.28,4/4拍,50
中文样例,周兴哲,相信爱,75.03,4/4拍,50
中文样例,陈粒,易燃易爆炸,115.13,4/4拍,50
中文样例,科里·菲兹派翠克,集合吧! 地球保卫队,115.03,4/4拍,50
中文样例,回小仙,醒不来的梦,108.01,4/4拍,50
中文样例,邓福如Ü,声声慢,125.84,4/4拍,50
中文样例,森内贵宽,暧昧,123.96,4/4拍,50
中文样例,郭静,分开不是谁不好,123.84,4/4拍,50
中文样例,萧敬腾,猴笼,102.02,4/4拍,50
中文样例,周杰伦,搁浅,122.79,4/4拍,50
中文样例,老王乐队,安九,122.0,4/4拍,50
中文样例,林家谦,一人之境,121.99,4/4拍,50
中文样例,周兴哲,一样美丽 - 粉红丝带宣导活动主题曲,101.78,4/4拍,50
中文样例,曾之乔,坏人,99.83,4/4拍,50
中文样例,井胧,把孤独当做晚餐,99.02,4/4拍,50
中文样例,富士纤维乐团,楽园,97.95,4/4拍,50
中文样例,布乔恩·斯基夫斯,鱼,97.01,4/4拍,50
中文样例,陈奕迅,你给我听好,96.8,4/4拍,50
中文样例,林冰,接吻,96.03,4/4拍,50
中文样例,猴子把戏、冈崎体育,留学生,120.0,4/4拍,50
中文样例,未知歌手,放过自己,120.0,4/4拍,50
中文样例,莫文蔚,外面的世界,131.64,4/4拍,50
中文样例,王力宏,大城小爱,131.48,4/4拍,50
中文样例,莫宰羊,未接来电,131.0,4/4拍,50
中文样例,张惠妹,如果你也听说,116.79,4/4拍,50
中文样例,芝麻,下雨天,130.07,4/4拍,50
中文样例,田馥甄,爱了很久的朋友 - 电影《后来的我们》插曲,129.9,4/4拍,50
中文样例,方皓玟,你是你本身的传奇,129.79,4/4拍,50
中文样例,第35届金曲奖,烂泥,114.95,4/4拍,50
中文样例,卢巧音,好心分手,113.96,4/4拍,50
中文样例,莫文蔚,爱,110.22,4/4拍,50
中文样例,陶晶莹,太委屈,110.04,4/4拍,50
中文样例,克丽丝叮,一百万个可能,109.97,4/4拍,50
中文样例,未知歌手,走著走著就散了,109.96,4/4拍,50
中文样例,郑伊健,甘心替代你,74.18,4/4拍,50
中文样例,吴汶芳,"想啊,想著你",108.13,3/4拍,50
中文样例,蔡依林,天空,125.87,4/4拍,50
中文样例,古巨基,必杀技,136.93,4/4拍,50
中文样例,欧若拉,无与伦比的美丽,122.99,4/4拍,50
中文样例,五月天,派对动物,136.0,4/4拍,50
中文样例,徐佳莹,一样的月光,136.0,4/4拍,50
中文样例,阿珍,人类不宜飞行,135.98,4/4拍,50
中文样例,陈乔恩,绿色,121.98,4/4拍,50
中文样例,杨千嬅,少女的祈祷,121.6,4/4拍,50
中文样例,林俊杰,记得,120.65,4/4拍,50
中文样例,狂野夏洛特,我把我的青春给你,120.25,4/4拍,50
中文样例,李克勤,红日 - 电视剧「他来自天堂」主题曲,120.1,4/4拍,50
中文样例,东京事变,能动的三分间,120.03,4/4拍,50
中文样例,黄鸿升,不屑,120.01,4/4拍,50
中文样例,韦礼安,双栖动物,131.73,4/4拍,50
中文样例,陈小春,我爱的人,131.66,4/4拍,50
中文样例,黄鸿升、柯有伦、窦智孔,扛得住,130.15,4/4拍,50
中文样例,莫文蔚,这世界那么多人(电影《我要我们在一起》主题曲),143.95,4/4拍,50
中文样例,片寄凉太,空,143.91,4/4拍,50
中文样例,夏娃 (歌手),心予报,142.92,4/4拍,50
中文样例,孙燕姿,我也很想他,129.78,4/4拍,50
中文样例,林宥嘉,说谎,128.05,4/4拍,50
中文样例,爱缪,虹,127.99,4/4拍,50
中文样例,周杰伦,黑色幽默,127.9,4/4拍,50
中文样例,萧亚轩,错的人,127.83,4/4拍,50
中文样例,茵娜,暗示分离,127.81,4/4拍,50
中文样例,村下孝藏,初恋,127.7,4/4拍,50
中文样例,第35届金曲奖,如常,137.97,4/4拍,50
中文样例,陈淑桦,梦醒时分,137.9,4/4拍,50
中文样例,范逸臣,放生,137.85,4/4拍,50
中文样例,安藤裕子,冲撃,137.03,4/4拍,50
中文样例,阿,云与海,131.9,4/4拍,50
中文样例,和乐器乐团,千本桜,153.02,4/4拍,50
中文样例,洛芮·辛格,恋,152.07,4/4拍,50
中文样例,糖果,樱花草,148.12,4/4拍,50
中文样例,松本秀人,予感,147.9,4/4拍,50
中文样例,魔力,我还是爱著你,145.91,4/4拍,50
中文样例,伍佰,被动,136.88,4/4拍,50
中文样例,李濬荣,雨蝶,191.33,3/4拍,50
中文样例,神山羊,境界线,186.91,4/4拍,50
中文样例,谢和弦,谢谢妳爱我,180.02,4/4拍,50
中文样例,梁静茹,我好吗,135.91,4/4拍,50
中文样例,未知歌手,安静了,133.96,4/4拍,50
中文样例,吴若希,"越难越爱 - (剧集 ""使徒行者"" 片尾曲)",133.96,4/4拍,50
中文样例,周杰伦,一路向北,133.93,4/4拍,50
中文样例,五月天,好好 (想把你写成一首歌),133.9,4/4拍,50
中文样例,陈奕迅,陀飞轮,133.86,4/4拍,50
中文样例,陈僖仪,蜚蜚,145.65,4/4拍,50
中文样例,周杰伦,白色风车,141.99,4/4拍,50
中文样例,邱锋泽、黄伟晋,潜台词,141.95,4/4拍,50
中文样例,薛凯琪,哥本哈根的另一个我,141.53,4/4拍,50
中文样例,艾萨克·辛格,不革命前夜,140.99,4/4拍,50
中文样例,阿珍,哀的美敦书,140.0,4/4拍,50
中文样例,陈奕迅,岁月如歌,139.91,4/4拍,50
中文样例,容祖儿,心之科学,139.9,4/4拍,50
中文样例,伊登·布洛林,喜欢妳,153.07,4/4拍,50
中文样例,许廷铿,面具,159.87,4/4拍,50
中文样例,周汤豪,帅到分手,159.97,4/4拍,50
中文样例,许茹芸,男人女人,160.15,4/4拍,50
中文样例,五月天,星空,167.85,4/4拍,50
中文样例,东京事变,闪光少女,167.91,4/4拍,50
中文样例,韦礼安,如果再见 - 电影《极乐宿舍》主题曲 / 韩剧《龙八夷》片尾曲 / 韩剧《我女婿的女人》片尾曲 / 韩剧《请回答1988》片尾曲,171.9,4/4拍,50
中文样例,野田洋次郎,大丈夫,191.99,3/4拍,50
中文样例,林俊杰,暂时的记号,109.17,4/4拍,50
中文样例,周杰伦,暗号,125.99,4/4拍,50
中文样例,张雨生,大海,86.12,4/4拍,50
中文样例,陈慧琳,记事本,84.02,4/4拍,50
中文样例,平手友梨奈,不协和音,119.95,4/4拍,50
中文样例,任贤齐,心太软,92.3,4/4拍,50
中文样例,许美静,城里的月光,83.97,4/4拍,50
中文样例,林俊杰,豆浆油条,88.05,4/4拍,50
中文样例,顽童116,辣台妹,95.02,4/4拍,50
中文样例,辛晓琪,味道,87.83,4/4拍,50
中文样例,泳儿,所有遗失的东西,117.86,4/4拍,50
中文样例,戴佩妮,怎样 ?,119.74,4/4拍,50
中文样例,方大同,爱爱爱,66.37,4/4拍,50
中文样例,阿涵,不想,74.07,4/4拍,50
中文样例,都敬秀,红莲,93.98,4/4拍,50
中文样例,周兴哲,一样美丽 - 粉红丝带宣导活动主题曲,101.92,4/4拍,50
中文样例,久米小百合,异邦人,106.68,4/4拍,50
中文样例,圣女贞德,月光花,101.98,4/4拍,50
中文样例,陈奕迅,富士山下,103.37,4/4拍,50
中文样例,福山雅治,桜坂,104.0,4/4拍,50
中文样例,青山吉能,散去的时候,101.99,4/4拍,50
中文样例,张惠妹、言承旭,记得,60.46,4/4拍,50
中文样例,吴卓源、奇里·特·卡娜娃,温度,95.02,4/4拍,50
中文样例,刘明湘,飘洋过海来看你,115.56,4/4拍,50
中文样例,弗兰基·科斯莫斯,如果我们还在一起,172.06,4/4拍,49
中文样例,林宥嘉,想自由,129.78,4/4拍,49
中文样例,李润祺,茫,130.05,4/4拍,49
中文样例,麦浚龙,耿耿于怀,131.68,4/4拍,49
中文样例,吕建忠,如果我变成回忆,131.92,4/4拍,49
中文样例,李荣浩,喜剧之王,131.97,4/4拍,49
中文样例,孙燕姿,"在,也不见 - 电影「再见,在也不见」主题曲",131.98,4/4拍,49
中文样例,方雅贤,遇到,132.02,4/4拍,49
中文样例,容祖儿,连续剧,147.87,4/4拍,49
中文样例,周杰伦、李健,等你下课,147.9,4/4拍,49
中文样例,陈卓贤,另一个诺贝尔,147.95,4/4拍,49
中文样例,未知歌手,発明家,148.02,4/4拍,49
中文样例,吕士轩、陈奕凡、吴卓源、第34届金曲奖、哈迪卡·奇亚尼、陈芳语、大支,走到飞 - 完整版,148.06,4/4拍,49
中文样例,周杰伦、张惠妹,不该,149.88,4/4拍,49
中文样例,陈洁仪,喜欢你,119.94,3/4拍,49
中文样例,沈以诚,我还记得那天 (影视剧《苍兰诀》插曲),119.99,4/4拍,49
中文样例,周兴哲、许玮宁,黏黏,120.01,3/4拍,49
中文样例,方大同,红豆,121.97,4/4拍,49
中文样例,林俊杰,一千年以后,121.98,4/4拍,49
中文样例,吕爵安,攀上天梯的蚂蚁 (电影 《过时.过节》主题曲),123.99,4/4拍,49
中文样例,米津玄师,春雷,124.01,4/4拍,49
中文样例,金泰亨,白雪姫,159.85,4/4拍,49
中文样例,五月天,知足,159.91,4/4拍,49
中文样例,伞村,赎罪,159.98,4/4拍,49
中文样例,鞠婧祎,叹云兮(电视剧《芸汐传》片尾曲),140.0,4/4拍,49
中文样例,风格童星组合,火车快飞,140.07,4/4拍,49
中文样例,张敬轩,百年树木,140.21,4/4拍,49
中文样例,周华健,有没有一首歌会让你想起我,142.0,4/4拍,49
中文样例,曼弗雷德·曼恩,岛呗,142.47,4/4拍,49
中文样例,科里·菲兹派翠克,再不再见,143.9,4/4拍,49
中文样例,德科*27,妄想感伤代偿连盟,109.99,4/4拍,49
中文样例,小5,说一句我不走了,110.0,4/4拍,49
中文样例,林忆莲,分分钟需要你,110.02,4/4拍,49
中文样例,王心凌,那年夏天宁静的海,111.89,4/4拍,49
中文样例,陈奕迅,致明日的舞,112.0,3/4拍,49
中文样例,谢安琪,钟无艳,112.21,4/4拍,49
中文样例,爱缪,朝阳,113.1,4/4拍,49
中文样例,丁当,手掌心,145.85,4/4拍,49
中文样例,周杰伦,东风破,146.0,4/4拍,49
中文样例,江𤒹生,蜗牛,147.8,4/4拍,49
中文样例,汤令山,劲浪漫 超温馨,134.97,3/4拍,49
中文样例,小宇,终于说出口,135.67,4/4拍,49
中文样例,邓紫棋,依然睡公主,135.98,4/4拍,49
中文样例,陈晓东,划火柴,136.02,4/4拍,49
中文样例,长谷川白纸,青春狂騒曲,136.27,4/4拍,49
中文样例,松任谷由实,卒业写真,136.28,4/4拍,49
中文样例,毛不易、周深,梅香如故,92.92,4/4拍,49
中文样例,洛拉·因迪戈,邦画,93.97,4/4拍,49
中文样例,李玖哲,夏天,94.02,4/4拍,49
中文样例,南征北战,最美的期待,96.01,4/4拍,49
中文样例,杰内·艾科,花火,96.04,4/4拍,49
中文样例,罗伯特·史密斯,水平线,97.46,4/4拍,49
中文样例,川满爱希信,海色,97.57,4/4拍,49
中文样例,伍佰,泪桥,139.98,4/4拍,49
中文样例,埃德加·温特,重感情的废物,139.98,4/4拍,49
中文样例,橘子新乐园,以心电信,139.99,4/4拍,49
中文样例,王菲,"给自己的情书 - ""笑忘书""广东版",125.84,3/4拍,49
中文样例,歌手2019,别为我好,125.99,4/4拍,49
中文样例,古巨基,恋无可恋,126.0,4/4拍,49
中文样例,梁文音,分手后不要做朋友,127.82,4/4拍,49
中文样例,犹大,零分,128.86,4/4拍,49
中文样例,林宥嘉,想自由,129.78,4/4拍,49
中文样例,周杰伦,烟花易冷,76.98,4/4拍,49
中文样例,藤卷良太,3月9日,77.97,4/4拍,49
中文样例,莫文蔚、张洪量,广岛之恋,78.05,4/4拍,49
中文样例,第35届金曲奖,我不是饶舌歌手,79.89,4/4拍,49
中文样例,周汤豪,骂醒我,79.97,4/4拍,49
中文样例,韩知城,忧一乗,80.07,4/4拍,49
中文样例,汤令山,孤单,80.63,4/4拍,49
中文样例,汪苏泷,忽而今夏(《忽而今夏》电视剧主题曲),132.02,4/4拍,49
中文样例,颜人中,遇到,132.04,5/4拍,49
中文样例,杨洋,微微一笑很倾城,133.97,4/4拍,49
中文样例,校长,带你去旅行,114.02,4/4拍,49
中文样例,梁咏琪,胆小鬼,115.02,4/4拍,49
中文样例,王若琳,我只在乎你,115.07,4/4拍,49
中文样例,李知恩,多想在平庸的生活拥抱你,115.99,4/4拍,49
中文样例,徐若瑄,爱笑的眼睛,119.82,4/4拍,49
中文样例,温岚,傻瓜,119.85,4/4拍,49
中文样例,林俊杰,伟大的渺小,124.67,4/4拍,49
中文样例,解语花,天空之外,124.99,4/4拍,49
中文样例,王力宏,唯一,125.65,4/4拍,49
中文样例,埃德加·温特,希望你回来,104.91,3/4拍,49
中文样例,李荣浩,也许是爱情,105.04,4/4拍,49
中文样例,伍佰,夏夜晚风,105.78,4/4拍,49
中文样例,许冠杰,"浪子心声 - 电影""半斤八両""歌曲",106.4,4/4拍,49
中文样例,伍佰,浪人情歌,106.77,3/4拍,49
中文样例,陈粒,奇妙能力歌,109.8,4/4拍,49
中文样例,林俊杰,曹操,143.91,4/4拍,49
中文样例,周杰伦,安静,143.92,4/4拍,49
中文样例,林奕匡,高山低谷,143.99,4/4拍,49
中文样例,伊登·布洛林,情人,144.0,4/4拍,49
中文样例,张韶涵,隠形的翅膀,144.04,4/4拍,49
中文样例,蔡依林,追光者,144.05,4/4拍,49
英文样例,"Justin Bieber, Daniel Caesar, Giveon",Peaches (feat. Daniel Caesar & Giveon),90.03,4/4拍,100
英文样例,Miley Cyrus,Flowers,118.0,4/4拍,100
英文样例,Olivia Rodrigo,drivers license,143.87,4/4拍,99
英文样例,Masked Wolf,Astronaut In The Ocean,150.0,4/4拍,98
英文样例,Kali Uchis,telepatía,83.97,4/4拍,97
英文样例,The Weeknd,Save Your Tears,118.05,4/4拍,97
英文样例,"Bruno Mars, Anderson .Paak, Silk Sonic",Leave The Door Open,148.09,4/4拍,96
英文样例,Bizarrap,"Shakira: Bzrp Music Sessions, Vol. 53",122.1,4/4拍,96
英文样例,The Weeknd,Blinding Lights,171.0,4/4拍,96
英文样例,The Weeknd,Die For You - Remix,66.9,4/4拍,95
英文样例,Tiësto,The Business,120.03,4/4拍,95
英文样例,"Los Legendarios, Wisin, Jhay Cortez",Fiel,98.0,4/4拍,94
英文样例,"Riton, Nightcrawlers, Mufasa & Hypeman, Dopamine",Friday (feat. Mufasa & Hypeman) - Dopamine Re-Edit,122.98,4/4拍,94
英文样例,"Myke Towers, Juhn",Bandido,168.02,4/4拍,94
英文样例,Giveon,Heartbreak Anniversary,89.09,3/4拍,94
英文样例,The Kid LAROI,WITHOUT YOU,93.0,4/4拍,94
英文样例,Doja Cat,Streets,90.03,4/4拍,94
英文样例,SZA,Kill Bill,88.98,4/4拍,94
英文样例,SZA,Good Days,121.0,4/4拍,93
英文样例,Manuel Turizo,La Bachata,124.98,4/4拍,93
英文样例,"Bad Bunny, ROSALÍA",LA NOCHE DE ANOCHE,81.99,4/4拍,93
英文样例,Rema,Calm Down (with Selena Gomez),107.0,4/4拍,93
英文样例,David Guetta,I'm Good (Blue),128.04,4/4拍,93
英文样例,Taylor Swift,Anti-Hero,97.01,4/4拍,92
英文样例,NewJeans,OMG,126.96,4/4拍,92
英文样例,"Rochy RD, Myke Towers, Nicki Nicole",Ella No Es Tuya - Remix,97.04,4/4拍,92
英文样例,Harry Styles,Watermelon Sugar,95.39,4/4拍,92
英文样例,"Bad Bunny, Jhay Cortez",DÁKITI,109.93,4/4拍,92
英文样例,Boza,Hecha Pa' Mi,100.07,4/4拍,92
英文样例,"Nathan Evans, 220 KID, Billen Ted",Wellerman - Sea Shanty / 220 KID x Billen Ted Remix,119.93,4/4拍,92
英文样例,"Travis Scott, HVME",Goosebumps - Remix,124.92,4/4拍,92
英文样例,Sam Smith,Unholy (feat. Kim Petras),131.12,4/4拍,92
英文样例,Ariana Grande,positions,144.01,4/4拍,92
英文样例,Cardi B,Up,166.0,4/4拍,92
英文样例,Bizarrap,"Quevedo: Bzrp Music Sessions, Vol. 52",128.03,4/4拍,92
英文样例,"MEDUZA, Dermot Kennedy",Paradise (feat. Dermot Kennedy),124.11,4/4拍,92
英文样例,d4vd,Here With Me,132.02,4/4拍,92
英文样例,Justin Bieber,Hold On,139.98,4/4拍,92
英文样例,Arctic Monkeys,I Wanna Be Yours,67.53,4/4拍,91
英文样例,Pop Smoke,What You Know Bout Love,84.0,4/4拍,91
英文样例,Stephen Sanchez,Until I Found You (with Em Beihold) - Em Beihold Version,101.19,3/4拍,91
英文样例,Ariana Grande,34+35,109.98,4/4拍,91
英文样例,Drake,What’s Next,129.9,4/4拍,91
英文样例,Dua Lipa,We're Good,134.01,4/4拍,91
英文样例,Natanael Cano,AMG,136.18,3/4拍,91
英文样例,OneRepublic,I Ain't Worried,139.99,4/4拍,91
英文样例,Yandel,Yandel 150,167.97,4/4拍,91
英文样例,KAROL G,BICHOTA,163.91,4/4拍,91
英文样例,"DaBaby, Roddy Ricch",ROCKSTAR (feat. Roddy Ricch),89.98,4/4拍,91
英文样例,Sech,911,93.03,4/4拍,91
英文样例,"Joel Corry, MNEK",Head & Heart (feat. MNEK),122.95,4/4拍,91
英文样例,BTS,Dynamite,114.04,4/4拍,91
英文样例,"ATB, Topic, A7S",Your Love (9PM),125.99,4/4拍,91
英文样例,Tate McRae,you broke me first,124.15,4/4拍,91
英文样例,Chris Brown,Under The Influence,116.99,4/4拍,90
英文样例,Ava Max,My Head & My Heart,116.0,4/4拍,90
英文样例,RAYE,Escapism.,96.11,4/4拍,90
英文样例,"Saweetie, Doja Cat",Best Friend (feat. Doja Cat),94.02,4/4拍,90
英文样例,The Neighbourhood,Sweater Weather,124.05,4/4拍,90
英文样例,d4vd,Romantic Homicide,132.05,4/4拍,90
英文样例,"Cardi B, Megan Thee Stallion",WAP (feat. Megan Thee Stallion),133.07,4/4拍,90
英文样例,NewJeans,Ditto,133.85,4/4拍,90
英文样例,"Bad Bunny, Jhay Cortez",DÁKITI,109.93,4/4拍,90
英文样例,Justin Bieber,Anyone,115.88,4/4拍,90
英文样例,"Dua Lipa, DaBaby",Levitating (feat. DaBaby),102.98,4/4拍,90
英文样例,Lewis Capaldi,Someone You Loved,109.89,4/4拍,90
英文样例,Peso Pluma,PRC,138.08,3/4拍,90
英文样例,SZA,Snooze,143.01,4/4拍,90
英文样例,Olivia Rodrigo,deja vu,181.09,4/4拍,90
英文样例,Harry Styles,As It Was,173.93,4/4拍,90
英文样例,Eminem,Mockingbird,84.04,4/4拍,90
英文样例,Billie Eilish,Therefore I Am,94.01,4/4拍,90
英文样例,"Maroon 5, Megan Thee Stallion",Beautiful Mistakes (feat. Megan Thee Stallion),99.05,4/4拍,90
英文样例,Ozuna,Hey Mor,98.0,4/4拍,90
英文样例,Drake,Rich Flex,153.15,3/4拍,90
英文样例,"Selena Gomez, Rauw Alejandro",Baila Conmigo (with Rauw Alejandro),149.9,4/4拍,90
英文样例,HVME,Goosebumps,124.95,4/4拍,89
英文样例,"Black Eyed Peas, Shakira",GIRL LIKE ME,124.02,4/4拍,89
英文样例,Duncan Laurence,Arcade,71.88,3/4拍,89
英文样例,Polo G,RAPSTAR,81.04,4/4拍,89
英文样例,BTS,Life Goes On,81.07,4/4拍,89
英文样例,"Manuel Turizo, Rauw Alejandro, Myke Towers",La Nota,92.03,4/4拍,89
英文样例,Beyoncé,CUFF IT,115.04,4/4拍,89
英文样例,"Billie Eilish, Khalid",lovely (with Khalid),115.28,4/4拍,89
英文样例,Oliver Tree,Miss You,145.01,4/4拍,89
英文样例,Meghan Trainor,Made You Look,144.98,4/4拍,89
英文样例,"Dua Lipa, DaBaby",Levitating (feat. DaBaby),102.98,4/4拍,89
英文样例,Conan Gray,Heather,102.08,3/4拍,89
英文样例,Feid,CHORRITO PA LAS ANIMAS,95.98,4/4拍,89
英文样例,Gorillaz,Tormenta (feat. Bad Bunny),94.98,4/4拍,89
英文样例,Ñengo Flow,Gato de Noche,93.98,4/4拍,89
英文样例,JVKE,golden hour,94.47,3/4拍,89
英文样例,Lizzy McAlpine,ceilings,148.0,3/4拍,89
英文样例,Lil Nas X,HOLIDAY,151.95,4/4拍,89
英文样例,Israel & Rodolffo,Batom de Cereja - Ao Vivo,171.97,4/4拍,89
英文样例,Carin Leon,Que Vuelvas,162.47,4/4拍,89
英文样例,Tiësto,10:35,120.0,4/4拍,89
英文样例,Post Malone,Circles,120.04,4/4拍,89
英文样例,"Pop Smoke, Lil Baby, DaBaby",For The Night (feat. Lil Baby & DaBaby),125.97,4/4拍,89
英文样例,"Drake, Lil Baby",Wants and Needs (feat. Lil Baby),136.01,4/4拍,89
英文样例,"Powfu, beabadoobee",death bed (coffee for your head),144.03,4/4拍,89
英文样例,CJ,Whoopty,140.2,4/4拍,89
英文样例,Sabrina Carpenter,Nonsense,138.99,4/4拍,88
英文样例,Harry Styles,Golden,139.86,4/4拍,88
英文样例,Polo G,Martin & Gina,93.92,4/4拍,88
英文样例,Bad Bunny,TE MUDASTE,92.02,4/4拍,88
英文样例,Morgan Wallen,Last Night,203.85,4/4拍,88
英文样例,"Sech, Daddy Yankee, J Balvin, ROSALÍA, Farruko",Relación - Remix,171.94,4/4拍,88
英文样例,The Weeknd,I Was Never There,113.26,4/4拍,88
英文样例,Ed Sheeran,Afterglow,110.18,4/4拍,88
英文样例,Juice WRLD,Lucid Dreams,83.9,4/4拍,88
英文样例,Maroon 5,Memories,91.02,4/4拍,88
英文样例,j-hope,on the street (with J. Cole),94.07,4/4拍,88
英文样例,Tones And I,Dance Monkey,98.03,4/4拍,88
英文样例,"Milly, Farruko, Nio Garcia, Jay Wheeler, Amenazzy",No Te Enamores - Remix,100.02,4/4拍,88
英文样例,Harry Styles,Adore You,99.05,4/4拍,88
英文样例,BTS,Film out,164.03,4/4拍,88
英文样例,Justin Bieber,Hold On,140.0,4/4拍,88
英文样例,Travis Scott,goosebumps,130.05,4/4拍,88
英文样例,Marília Mendonça,Leão,130.0,4/4拍,88
英文样例,"Drake, Lil Durk",Laugh Now Cry Later (feat. Lil Durk),133.98,4/4拍,88
英文样例,Billie Eilish,bad guy,135.13,4/4拍,88
英文样例,Roddy Ricch,The Box,116.97,4/4拍,88
英文样例,"SAINt JHN, Imanbek",Roses - Imanbek Remix,121.98,4/4拍,88
英文样例,"Topic, A7S",Breaking Me,122.03,4/4拍,88
英文样例,Imagine Dragons,Believer,124.95,4/4拍,88
英文样例,Ritt Momney,Put Your Records On,91.07,4/4拍,87
英文样例,XXXTENTACION,SAD!,75.02,4/4拍,87
英文样例,Bruno Mars,When I Was Your Man,72.8,4/4拍,87
英文样例,Billie Eilish,everything i wanted,120.01,4/4拍,87
英文样例,New West,Those Eyes,119.99,3/4拍,87
英文样例,Ruth B.,Dandelions,116.96,3/4拍,87
英文样例,The Weeknd,The Hills,113.0,4/4拍,87
英文样例,Harry Styles,Late Night Talking,115.0,4/4拍,87
英文样例,Eminem,Without Me,112.24,4/4拍,87
英文样例,Jason Derulo,Take You Dancing,112.98,4/4拍,87
英文样例,Harry Styles,Falling,110.01,4/4拍,87
英文样例,The Kid LAROI,Love Again,107.0,4/4拍,87
英文样例,"Joel Corry, RAYE, David Guetta",BED,123.99,4/4拍,87
英文样例,Arcángel,La Jumpa,123.06,4/4拍,87
英文样例,"Miley Cyrus, Dua Lipa",Prisoner (feat. Dua Lipa),127.99,4/4拍,87
英文样例,Imagine Dragons,Follow You,124.91,4/4拍,87
英文样例,"Rauw Alejandro, Anuel AA",Reloj,175.95,4/4拍,87
英文样例,"J Balvin, Tainy, Dua Lipa, Bad Bunny",UN DIA (ONE DAY) (Feat. Tainy),168.17,4/4拍,87
英文样例,"Ozuna, J Balvin, Chencho Corleone",Una Locura,168.02,4/4拍,87
英文样例,Juice WRLD,All Girls Are The Same,161.99,4/4拍,87
英文样例,"Diego & Victor Hugo, Bruno & Marrone",Facas - Ao Vivo,160.98,4/4拍,87
英文样例,Juice WRLD,Robbery,159.97,5/4拍,87
英文样例,Travis Scott,HIGHEST IN THE ROOM,76.47,4/4拍,87
英文样例,James Arthur,Train Wreck,77.36,4/4拍,87
英文样例,Regard,Ride It,117.95,4/4拍,87
英文样例,John Legend,All of Me,119.93,4/4拍,87
英文样例,The Neighbourhood,Daddy Issues,85.01,4/4拍,87
英文样例,Arctic Monkeys,Do I Wanna Know?,85.03,4/4拍,87
英文样例,James Arthur,Say You Won't Let Go,85.04,4/4拍,87
英文样例,"Justin Bieber, Chance the Rapper",Holy (feat. Chance The Rapper),86.92,4/4拍,87
英文样例,Juice WRLD,Wishing Well,149.97,4/4拍,87
英文样例,"Jawsh 685, Jason Derulo",Savage Love (Laxed - Siren Beat),150.08,4/4拍,87
英文样例,Gym Class Heroes,Cupid's Chokehold / Breakfast in America,78.95,4/4拍,87
英文样例,"Justin Bieber, benny blanco",Lonely (with benny blanco),79.86,4/4拍,87
英文样例,Raí Saia Rodada,Tapão Na Raba,128.05,4/4拍,87
英文样例,"Pop Smoke, A Boogie Wit da Hoodie",Hello (feat. A Boogie Wit da Hoodie),130.97,4/4拍,87
英文样例,Shakira,Monotonía,131.96,4/4拍,87
英文样例,XXXTENTACION,Jocelyn Flores,134.02,4/4拍,87
英文样例,The Weeknd,Call Out My Name,134.17,3/4拍,87
英文样例,"Internet Money, Gunna, Don Toliver, NAV",Lemonade,140.04,4/4拍,87
英文样例,Ariana Grande,7 rings,140.05,4/4拍,87
英文样例,SZA,Low,145.04,4/4拍,87
英文样例,Fuerza Regida,Bebe Dame,157.44,4/4拍,87
英文样例,Travis Scott,SICKO MODE,155.01,4/4拍,87
英文样例,ElyOtto,SugarCrash!,97.75,4/4拍,87
英文样例,Cartel De Santa,Shorty Party,96.01,4/4拍,87
英文样例,"Wisin, Myke Towers, Los Legendarios",Mi Niña,100.0,4/4拍,87
英文样例,J. Cole,No Role Modelz,100.03,4/4拍,87
英文样例,Ed Sheeran,Perfect,95.05,3/4拍,87
英文样例,Ed Sheeran,Shape of You,95.98,4/4拍,87
英文样例,Feid,Feliz Cumpleaños Ferxxo,95.0,4/4拍,87
英文样例,"Sebastian Yatra, Guaynaa",Chica Ideal,100.98,4/4拍,87
英文样例,Eminem,The Real Slim Shady,104.5,4/4拍,86
英文样例,Sia,Snowman,104.96,3/4拍,86
英文样例,"Nicky Jam, Romeo Santos",Fan de Tus Fotos,170.09,4/4拍,86
英文样例,Coldplay,Yellow,173.37,4/4拍,86
英文样例,"Jason Derulo, Nuka",Love Not War (The Tampa Beat),98.01,4/4拍,86
英文样例,Hippie Sabotage,Devil Eyes,99.11,5/4拍,86
英文样例,"Lady Gaga, Bradley Cooper",Shallow,95.8,4/4拍,86
英文样例,"The Chainsmokers, Halsey",Closer,95.01,4/4拍,86
英文样例,"Drake, Rick Ross",Lemon Pepper Freestyle (feat. Rick Ross),94.97,4/4拍,86
英文样例,Wisin & Yandel,Besos Moja2,94.05,4/4拍,86
英文样例,Mother Mother,Hayloft,95.98,4/4拍,86
英文样例,Taylor Swift,Lavender Haze,96.98,4/4拍,86
英文样例,"Machine Gun Kelly, blackbear",my ex's best friend (with blackbear),124.94,4/4拍,86
英文样例,Dua Lipa,Don't Start Now,123.94,4/4拍,86
英文样例,"Rusherking, KHEA, Duki, Maria Becerra, Lit Killah, Tiago PZK",Además de Mí - Remix,78.4,4/4拍,86
英文样例,"JP Saxe, Julia Michaels",If the World Was Ending - feat. Julia Michaels,75.8,4/4拍,86
英文样例,"Maluma, Lenny Tavárez, Justin Quiles",Parce (feat. Justin Quiles),83.9,4/4拍,86
英文样例,a-ha,Take on Me,84.41,4/4拍,86
英文样例,"Nicky Jam, Myke Towers",Polvo,82.04,4/4拍,86
英文样例,Billie Eilish,when the party's over,82.64,4/4拍,86
英文样例,"The Weeknd, Daft Punk",Starboy,186.0,4/4拍,86
英文样例,ROSÉ,On The Ground,188.7,4/4拍,86
英文样例,"Ariana Grande, Justin Bieber",Stuck with U (with Justin Bieber),178.76,3/4拍,86
英文样例,"Pop Smoke, Lil Tjay",Mood Swings (feat. Lil Tjay),179.8,4/4拍,86
英文样例,Daddy Yankee,PROBLEMA,89.99,4/4拍,86
英文样例,"Jay Wheeler, DJ Nelson, Myke Towers",La Curiosidad,90.01,4/4拍,86
英文样例,Farruko,La Tóxica,91.97,4/4拍,86
英文样例,Pink Sweat$,At My Worst,91.92,4/4拍,86
英文样例,Imagine Dragons,Bones,114.07,4/4拍,86
英文样例,"KAROL G, Anuel AA, J Balvin",LOCATION,115.98,4/4拍,86
英文样例,"Juice WRLD, Marshmello",Come & Go (with Marshmello),144.99,4/4拍,86
英文样例,Pop Smoke,Dior,142.09,4/4拍,86
英文样例,"Internet Money, Gunna, Don Toliver, NAV","Lemonade (feat. Gunna, Don Toliver & NAV)",140.04,4/4拍,86
英文样例,Eminem,Superman,130.03,4/4拍,86
英文样例,Lewis Capaldi,Before You Go,111.88,4/4拍,86
英文样例,Hugo & Guilherme,Coração Na Cama,110.01,4/4拍,86
英文样例,Conan Gray,Maniac,108.04,4/4拍,86
英文样例,Tory Lanez,The Color Violet,105.02,4/4拍,86
英文样例,"Nio Garcia, Casper Magico, Ozuna, Wisin & Yandel, Myke Towers, Flow La Movie",Travesuras - Remix,176.0,4/4拍,86
英文样例,Zach Bryan,Something in the Orange,175.21,3/4拍,86
英文样例,Twenty One Pilots,Stressed Out,169.98,4/4拍,86
英文样例,"Eminem, Juice WRLD",Godzilla (feat. Juice WRLD),166.0,4/4拍,86
英文样例,Drake,Jimmy Cooks (feat. 21 Savage),165.92,4/4拍,86
英文样例,"DJ Khaled, Drake",POPSTAR (feat. Drake),163.07,4/4拍,86
英文样例,"DJ Ivis, Tarcísio do Acordeon",Esquema Preferido,159.93,4/4拍,86
英文样例,"Post Malone, 21 Savage",rockstar (feat. 21 Savage),159.8,4/4拍,86
英文样例,"P!nk, Willow Sage Hart",Cover Me In Sunshine,159.7,4/4拍,86
英文样例,XXXTENTACION,Hope,146.04,4/4拍,86
英文样例,Lil Peep,Star Shopping,93.1,4/4拍,86
英文样例,Justin Quiles,Ponte Pa' Mi,92.03,4/4拍,86
英文样例,Arctic Monkeys,Why'd You Only Call Me When You're High?,92.0,4/4拍,86
英文样例,Niall Horan,Heaven,91.99,4/4拍,86
英文样例,Avicii,The Nights,125.98,4/4拍,86
英文样例,Zoe Wees,Girls Like Us,125.71,5/4拍,86
英文样例,"Ofenbach, Lagique",Wasted Love (feat. Lagique),121.96,4/4拍,86
英文样例,Fleetwood Mac,Dreams - 2004 Remaster,120.15,4/4拍,86
英文样例,BØRNS,Electric Love,120.04,4/4拍,86
英文样例,One Direction,Night Changes,120.0,4/4拍,86
英文样例,Tame Impala,The Less I Know The Better,116.88,4/4拍,86
英文样例,Arizona Zervas,ROXANNE,116.74,5/4拍,86
英文样例,NewJeans,Hype Boy,99.98,4/4拍,86
英文样例,The Weeknd,In Your Eyes,100.02,4/4拍,86
英文样例,Peso Pluma,Por las Noches,92.49,4/4拍,85
英文样例,"24kGoldn, iann dior",Mood (feat. iann dior),91.01,4/4拍,85
英文样例,Shawn Mendes,There's Nothing Holdin' Me Back,122.0,4/4拍,85
英文样例,"Wallows, Clairo",Are You Bored Yet? (feat. Clairo),120.02,4/4拍,85
英文样例,Joji,SLOW DANCING IN THE DARK,88.96,4/4拍,85
英文样例,Camilo,Vida de Rico,87.98,4/4拍,85
英文样例,"Bizarrap, L-Gante","L-Gante: Bzrp Music Sessions, Vol.38",87.91,4/4拍,85
英文样例,Taylor Swift,willow,81.11,4/4拍,85
英文样例,Beach Bunny,Cloud 9,80.97,4/4拍,85
英文样例,Glass Animals,Heat Waves,80.87,4/4拍,85
英文样例,Glass Animals,Heat Waves,80.87,4/4拍,85
英文样例,Lil Baby,On Me,77.97,4/4拍,85
英文样例,"Ashnikko, Princess Nokia",Slumber Party (feat. Princess Nokia),105.01,4/4拍,85
英文样例,TV Girl,Lovers Rock,104.97,4/4拍,85
英文样例,"Dan + Shay, Justin Bieber","10,000 Hours (with Justin Bieber)",89.99,4/4拍,85
英文样例,"Post Malone, Swae Lee",Sunflower - Spider-Man: Into the Spider-Verse,89.91,4/4拍,85
英文样例,Doja Cat,Woman,108.0,4/4拍,85
英文样例,Ed Sheeran,Photograph,107.99,4/4拍,85
英文样例,XXXTENTACION,Revenge,140.0,4/4拍,85
英文样例,Taylor Swift,Don’t Blame Me,135.92,4/4拍,85
英文样例,"Lil Tjay, 6LACK",Calling My Phone,104.95,4/4拍,85
英文样例,"Lele Pons, Guaynaa",Se Te Nota (with Guaynaa),103.01,4/4拍,85
英文样例,Stephen Sanchez,Until I Found You,101.36,3/4拍,85
英文样例,"KAROL G, Nicki Minaj",Tusa,101.08,4/4拍,85
英文样例,J. Cole,No Role Modelz,100.45,4/4拍,85
英文样例,"Marshmello, Bastille",Happier,100.02,4/4拍,85
英文样例,"Justin Bieber, Khalid",As I Am (feat. Khalid),99.93,4/4拍,85
英文样例,King,Maan Meri Jaan,95.87,4/4拍,85
英文样例,Myke Towers,Explícito,95.01,4/4拍,85
英文样例,"Chris Brown, Young Thug",Go Crazy,94.15,4/4拍,85
英文样例,Megan Thee Stallion,Body,94.07,4/4拍,85
英文样例,"Anuel AA, Ozuna",Antes,93.98,4/4拍,85
英文样例,Dua Lipa,Don't Start Now,123.95,4/4拍,85
英文样例,"MEDUZA, Becky Hill, Goodboys",Lose Control,123.94,4/4拍,85
英文样例,Imagine Dragons,Thunder,168.0,4/4拍,85
英文样例,"Camilo, Evaluna Montaner",Machu Picchu,167.9,4/4拍,85
英文样例,347aidan,Dancing in My Room,119.99,4/4拍,85
英文样例,Taylor Swift,Love Story (Taylor’s Version),119.08,4/4拍,85
英文样例,"Kina, Snøw",Get You The Moon (feat. Snøw),118.92,4/4拍,85
英文样例,The Police,Every Breath You Take,117.4,4/4拍,85
英文样例,Michael Jackson,Billie Jean,117.05,4/4拍,85
英文样例,Justin Bieber,Anyone,115.88,4/4拍,85
英文样例,Jung Kook,Dreamers [Music from the FIFA World Cup Qatar 2022 Official Soundtrack],114.99,4/4拍,85
英文样例,Clairo,Sofia,113.0,4/4拍,85
英文样例,"Surf Mesa, Emilee",ily (i love you baby) (feat. Emilee),112.05,4/4拍,85
英文样例,"Doja Cat, SZA",Kiss Me More (feat. SZA),110.97,4/4拍,85
英文样例,Doja Cat,Say So,110.96,4/4拍,85
英文样例,The Weeknd,After Hours,108.96,4/4拍,85
英文样例,Lil Nas X,STAR WALKIN' (League of Legends Worlds Anthem),141.87,4/4拍,85
英文样例,Ed Sheeran,Shivers,141.02,4/4拍,85
英文样例,Nicky Youre,Sunroof,131.44,4/4拍,85
英文样例,"Malu, DJ Lucas Beat",Disco Arranhado - Funk Remix,129.96,4/4拍,85
英文样例,"Camilo, El Alfa",BEBÉ,129.97,4/4拍,85
英文样例,XXXTENTACION,Moonlight,128.01,4/4拍,85
英文样例,Miley Cyrus,River,127.99,4/4拍,85
英文样例,XXXTENTACION,Everybody Dies In Their Nightmares,129.95,4/4拍,85
英文样例,Ava Max,Kings & Queens,129.86,4/4拍,85
英文样例,Foster The People,Pumped Up Kicks,127.98,4/4拍,85
英文样例,Trevor Daniel,Falling,127.08,4/4拍,85
英文样例,Avicii,Wake Me Up,124.08,4/4拍,85
英文样例,"Sam Fischer, Demi Lovato",What Other People Say,126.9,4/4拍,85
英文样例,Alec Benjamin,Let Me Down Slowly,150.07,4/4拍,85
英文样例,"Pooh Shiesty, Lil Durk",Back In Blood (feat. Lil Durk),146.93,4/4拍,85
英文样例,Calvin Harris,One Kiss (with Dua Lipa),123.99,4/4拍,85
英文样例,Joji,Glimpse of Us,169.91,3/4拍,85
英文样例,"Kevin Roldan, Bryant Myers, Lyanno",Hasta Abajo,169.73,4/4拍,85
英文样例,Seafret,Atlantis,166.16,4/4拍,85
英文样例,Fujii Kaze,Shinunoga E-Wa,158.08,4/4拍,85
英文样例,AgroPlay,Nosso Quadro,160.01,4/4拍,85
英文样例,Macklemore & Ryan Lewis,Can't Hold Us - feat. Ray Dalton,146.08,4/4拍,85
英文样例,"Shawn Mendes, Justin Bieber",Monster (Shawn Mendes & Justin Bieber),145.76,4/4拍,85
英文样例,Israel & Rodolffo,Bombonzinho - Ao Vivo,158.05,4/4拍,85
英文样例,Justin Bieber,Ghost,153.96,4/4拍,85
英文样例,Maluma,Hawái,180.07,4/4拍,85
英文样例,"Future, Drake",Life Is Good (feat. Drake),142.04,4/4拍,85
英文样例,Junior H,El Azul,143.88,3/4拍,85
英文样例,Bruno Mars,Locked out of Heaven,143.99,4/4拍,85
英文样例,"Eminem, Nate Dogg",'Till I Collapse,171.45,4/4拍,85
英文样例,The Kid LAROI,STAY (with Justin Bieber),169.93,4/4拍,85
英文样例,Elley Duhé,MIDDLE OF THE NIGHT,185.73,3/4拍,85
英文样例,Shakira,Te Felicito,174.14,4/4拍,85
英文样例,ROSÉ,On The Ground,188.7,4/4拍,85
英文样例,AC/DC,Back In Black,188.39,4/4拍,85
英文样例,Billie Eilish,Happier Than Ever,81.06,3/4拍,84
英文样例,"Juice WRLD, Young Thug",Bad Boy (with Young Thug),81.54,4/4拍,84
英文样例,Lil Peep,Star Shopping,93.07,4/4拍,84
英文样例,"The Weeknd, Daft Punk",I Feel It Coming,92.99,4/4拍,84
英文样例,Ed Sheeran,Thinking out Loud,79.0,4/4拍,84
英文样例,Sam Smith,I'm Not The Only One,82.0,4/4拍,84
英文样例,XXXTENTACION,changes,64.93,4/4拍,84
英文样例,Olivia Rodrigo,traitor,100.61,4/4拍,84
英文样例,Selena Gomez,Lose You To Love Me,102.82,4/4拍,84
英文样例,Panic! At The Disco,High Hopes,82.01,4/4拍,84
英文样例,Drake,God's Plan,77.17,4/4拍,84
英文样例,Sam Fischer,This City,73.88,4/4拍,84
英文样例,Noah Cyrus,July,72.54,4/4拍,84
英文样例,"Marshmello, Halsey",Be Kind (with Halsey),94.0,4/4拍,84
英文样例,The Neighbourhood,Softcore,93.99,4/4拍,84
英文样例,AC/DC,Highway to Hell,115.73,4/4拍,84
英文样例,Sam Smith,I'm Not Here To Make Friends,114.91,4/4拍,84
英文样例,TOTO,Africa,92.72,4/4拍,84
英文样例,"Piso 21, Maluma",Más De La Una,92.28,4/4拍,84
英文样例,Lauv,I Like Me Better,91.97,4/4拍,84
英文样例,Maroon 5,Memories,91.05,4/4拍,84
英文样例,Justin Bieber,Off My Face,90.67,4/4拍,84
英文样例,"Gym Class Heroes, Adam Levine",Stereo Hearts (feat. Adam Levine),89.99,4/4拍,84
英文样例,"KAROL G, Mariah Angeliq",EL MAKINON,88.86,4/4拍,84
英文样例,Kodaline,All I Want,86.26,3/4拍,84
英文样例,"DJ Khaled, Drake",GREECE (feat. Drake),85.84,4/4拍,84
英文样例,Justin Quiles,Jeans,83.94,4/4拍,84
英文样例,Future,WAIT FOR U (feat. Drake & Tems),83.39,4/4拍,84
英文样例,MC Xenon,Sem Aliança no Dedo,82.71,3/4拍,84
英文样例,Drake,One Dance,103.97,4/4拍,84
英文样例,"The Chainsmokers, Coldplay",Something Just Like This,103.02,4/4拍,84
英文样例,MEDUZA,Bad Memories (feat. Elley Duhé & FAST BOY),124.0,3/4拍,84
英文样例,Sara Kays,Remember That Night?,123.98,4/4拍,84
英文样例,Justin Bieber,Love Yourself,100.42,4/4拍,84
英文样例,"Shakira, Wyclef Jean",Hips Don't Lie (feat. Wyclef Jean),100.02,4/4拍,84
英文样例,"Ty Dolla $ign, Post Malone",Spicy (feat. Post Malone),99.99,4/4拍,84
英文样例,Marília Mendonça,Troca de Calçada,99.97,4/4拍,84
英文样例,"Justin Bieber, Khalid",As I Am (feat. Khalid),99.95,4/4拍,84
英文样例,"Justin Bieber, The Kid LAROI",Unstable (feat. The Kid LAROI),99.76,4/4拍,84
英文样例,Grupo Marca Registrada,El Rescate,99.24,3/4拍,84
英文样例,Jerry Di,Mi Cuarto,97.05,4/4拍,84
英文样例,Train,"Hey, Soul Sister",97.01,4/4拍,84
英文样例,Anne-Marie,2002,96.13,4/4拍,84
英文样例,"Manuel Turizo, Wisin & Yandel",Mala Costumbre,96.0,4/4拍,84
英文样例,Ali Gatie,It's You,95.97,4/4拍,84
英文样例,"Shawn Mendes, Camila Cabello",Señorita,116.95,4/4拍,84
英文样例,Elton John,Cold Heart - PNAU Remix,116.03,4/4拍,84
英文样例,Jonas Brothers,Sucker,137.96,4/4拍,84
英文样例,The Weeknd,Is There Someone Else?,134.95,4/4拍,84
英文样例,AURORA,Runaway,114.09,4/4拍,84
英文样例,Bad Bunny,BOOKER T,113.9,4/4拍,84
英文样例,Dua Lipa,Break My Heart,113.01,4/4拍,84
英文样例,Tears For Fears,Everybody Wants To Rule The World,112.07,4/4拍,84
英文样例,Surfaces,Sunday Best,112.02,4/4拍,84
英文样例,Linkin Park,Numb,110.02,4/4拍,84
英文样例,"Ozuna, Doja Cat, Sia",Del Mar,109.98,4/4拍,84
英文样例,RAYE,Escapism. - Sped Up,107.59,4/4拍,84
英文样例,Ariana Grande,"thank u, next",106.97,4/4拍,84
英文样例,Linkin Park,In the End,105.14,4/4拍,84
英文样例,Linkin Park,Lost,105.01,4/4拍,84
英文样例,NewJeans,Attention,104.99,4/4拍,84
英文样例,"Ofenbach, Quarterhead, Norma Jean Martine",Head Shoulders Knees & Toes (feat. Norma Jean Martine),124.96,4/4拍,84
英文样例,Marshmello,El Merengue,124.01,4/4拍,84
英文样例,Lil Uzi Vert,XO Tour Llif3,155.1,4/4拍,84
英文样例,Gustavo Mioto,Eu Gosto Assim - Ao Vivo,154.19,4/4拍,84
英文样例,Melanie Martinez,Play Date,123.97,4/4拍,84
英文样例,The White Stripes,Seven Nation Army,123.88,4/4拍,84
英文样例,Bon Jovi,Livin' On A Prayer,122.51,4/4拍,84
英文样例,OneRepublic,Counting Stars,122.02,4/4拍,84
英文样例,Zé Neto & Cristiano,Alô Ambev (Segue Sua Vida) - Ao Vivo,121.84,4/4拍,84
英文样例,One Direction,Story of My Life,121.07,4/4拍,84
英文样例,Lost Frequencies,Where Are You Now,120.97,4/4拍,84
英文样例,"BTS, Halsey",Boy With Luv (feat. Halsey),119.99,4/4拍,84
英文样例,Harry Styles,Sign of the Times,119.97,4/4拍,84
英文样例,"Teto, Matuê",M4,119.97,4/4拍,84
英文样例,TINI,Cupido,119.87,4/4拍,84
英文样例,Jorge & Mateus,Lance Individual,117.4,4/4拍,84
英文样例,"JACKBOYS, Travis Scott, Young Thug",OUT WEST (feat. Young Thug),139.86,4/4拍,84
英文样例,"SLANDER, Dylan Matthew",Love Is Gone - Acoustic,139.64,4/4拍,84
英文样例,"J Balvin, Bad Bunny",LA CANCIÓN,176.09,4/4拍,84
英文样例,Polo G,21,176.03,4/4拍,84
英文样例,Bruno Mars,That's What I Like,134.07,4/4拍,84
英文样例,Ava Max,Sweet but Psycho,133.0,4/4拍,84
英文样例,"XXXTENTACION, Trippie Redd",Fuck Love (feat. Trippie Redd),131.04,4/4拍,84
英文样例,Taylor Swift,cardigan,130.03,4/4拍,84
英文样例,21 Savage,Glock In My Lap,130.03,4/4拍,84
英文样例,"THE SCOTTS, Travis Scott, Kid Cudi",THE SCOTTS,129.98,4/4拍,84
英文样例,Hozier,Take Me To Church,128.94,4/4拍,84
英文样例,DaBaby,BOP,126.77,4/4拍,84
英文样例,Ed Sheeran,Bad Habits,126.01,4/4拍,84
英文样例,Doja Cat,Boss Bitch,125.99,4/4拍,84
英文样例,One Direction,What Makes You Beautiful,124.99,4/4拍,84
英文样例,Tones And I,Fly Away,124.99,4/4拍,84
英文样例,Frank Ocean,Pink + White,159.94,3/4拍,84
英文样例,Jorge & Mateus,Paradigmas,157.93,4/4拍,84
英文样例,Eagles,Hotel California - 2013 Remaster,147.12,4/4拍,84
英文样例,Coldplay,The Scientist,146.28,4/4拍,84
英文样例,Post Malone,Better Now,145.04,4/4拍,84
英文样例,"Jack Harlow, Tory Lanez, DaBaby, Lil Wayne","WHATS POPPIN (feat. DaBaby, Tory Lanez & Lil Wayne) - Remix",145.01,4/4拍,84
英文样例,"Demi Lovato, Ariana Grande",Met Him Last Night (feat. Ariana Grande),144.98,4/4拍,84
英文样例,Luis R Conriquez,El Gavilán,144.12,3/4拍,84
英文样例,Olivia Rodrigo,drivers license,143.88,4/4拍,84
英文样例,"Taylor Swift, Maren Morris",You All Over Me (feat. Maren Morris) (Taylor’s Version) (From The Vault),142.73,4/4拍,84
英文样例,A1 x J1,Latest Trends,141.89,4/4拍,84
英文样例,Billie Eilish,TV,140.21,4/4拍,84
英文样例,CJ,Whoopty,140.2,4/4拍,84
英文样例,Mother Mother,Burning Pile,140.1,4/4拍,84
英文样例,Ricky Montgomery,Line Without a Hook,190.03,3/4拍,84
英文样例,Maluma,Hawái,180.07,4/4拍,84
英文样例,J Balvin,Tu Veneno,175.83,4/4拍,84
英文样例,Maluma,Agua de Jamaica,173.96,4/4拍,84
英文样例,"Os Barões Da Pisadinha, Jorge",Quero Ver é Me Esquecer (feat. Jorge) - Ao Vivo,171.98,4/4拍,84
英文样例,Feid,Normal,170.08,4/4拍,84
英文样例,The Weeknd,Heartless,170.06,4/4拍,84
英文样例,Camilo,Ropa Cara,170.0,4/4拍,84
英文样例,Olivia Rodrigo,good 4 u,166.93,4/4拍,84
英文样例,Henrique & Juliano,Traumatizei - Ao Vivo Em Brasília,166.06,4/4拍,84
英文样例,Cardi B,Up,166.0,4/4拍,84
英文样例,Don Toliver,After Party,162.95,4/4拍,84
英文样例,Childish Gambino,Redbone,160.14,4/4拍,84
英文样例,"SpotemGottem, DaBaby",Beat Box 3 (feat. DaBaby),160.05,4/4拍,84
英文样例,Nathan Evans,Wellerman - Sea Shanty,191.9,4/4拍,84
英文样例,Twenty One Pilots,Heathens,90.02,4/4拍,83
英文样例,Sam Smith,Stay With Me,84.09,4/4拍,83
英文样例,Radiohead,Creep,91.84,4/4拍,83
英文样例,"Justin Bieber, Chance the Rapper",Holy (feat. Chance The Rapper),87.02,4/4拍,83
英文样例,BTS,Run BTS,77.0,4/4拍,83
英文样例,"YBN Nahmir, 21 Savage",Opp Stoppa (feat. 21 Savage),78.04,4/4拍,83
英文样例,"Tyler, The Creator",See You Again (feat. Kali Uchis),78.56,4/4拍,83
英文样例,ROSÉ,Gone,79.94,4/4拍,83
英文样例,"Coolio, L.V.",Gangsta's Paradise,79.97,4/4拍,83
英文样例,"Wiz Khalifa, Charlie Puth",See You Again (feat. Charlie Puth),80.03,4/4拍,83
英文样例,Glass Animals,Heat Waves,80.87,4/4拍,83
英文样例,"Zedd, Maren Morris, Grey",The Middle,107.01,4/4拍,83
英文样例,Bruno Mars,Just the Way You Are,109.01,4/4拍,83
英文样例,"CORPSE, Savage Ga$p",E-GIRLS ARE RUINING MY LIFE!,84.98,4/4拍,83
英文样例,"Eminem, Rihanna",Love The Way You Lie,86.99,4/4拍,83
英文样例,Kendrick Lamar,All The Stars (with SZA),96.92,4/4拍,83
英文样例,"Rauw Alejandro, Camilo",Tattoo - Remix with Camilo,96.99,4/4拍,83
英文样例,Shawn Mendes,Treat You Better,82.7,4/4拍,83
英文样例,"Jay Wheeler, Myke Towers, Rauw Alejandro, DJ Nelson, Jhay Cortez, Lunay, Kendo Kaponi","La Curiosidad (feat. Dj Nelson, Jhay Cortez, Lunay & Kendo Kaponi) - Blue Grand Prix Remix",90.01,4/4拍,83
英文样例,YNW Melly,Murder On My Mind,115.01,4/4拍,83
英文样例,Nirvana,Smells Like Teen Spirit,116.76,4/4拍,83
英文样例,Whitney Houston,I Wanna Dance with Somebody (Who Loves Me),118.82,4/4拍,83
英文样例,Lady Gaga,Bad Romance,119.0,4/4拍,83
英文样例,XXXTENTACION,the remedy for a broken heart (why am I so in love),119.7,4/4拍,83
英文样例,Chord Overstreet,Hold On,119.95,4/4拍,83
英文样例,"Lil Nas X, Billy Ray Cyrus",Old Town Road - Remix,136.04,4/4拍,83
英文样例,"Cardi B, Bad Bunny, J Balvin",I Like It,136.05,4/4拍,83
英文样例,"Lil Peep, XXXTENTACION",Falling Down - Bonus Track,120.01,4/4拍,83
英文样例,Kesha,TiK ToK,120.03,4/4拍,83
英文样例,The Fray,How to Save a Life,122.04,4/4拍,83
英文样例,Tiësto,Lay Low,122.06,4/4拍,83
英文样例,Tom Odell,Another Love,122.77,4/4拍,83
英文样例,"Offset, Metro Boomin",Ric Flair Drip (& Metro Boomin),100.01,4/4拍,83
英文样例,NF,HOPE,100.56,3/4拍,83
英文样例,Gesaffelstein,Lost in the Fire (feat. The Weeknd),100.97,4/4拍,83
英文样例,twocolors,Lovefool,123.06,4/4拍,83
英文样例,"Post Malone, Quavo",Congratulations,123.15,4/4拍,83
英文样例,Lil Uzi Vert,20 Min,123.43,4/4拍,83
英文样例,"Master KG, Nomcebo Zikode",Jerusalema (feat. Nomcebo Zikode),124.01,4/4拍,83
英文样例,James Hype,Ferrari,125.0,4/4拍,83
英文样例,"Eurythmics, Annie Lennox, Dave Stewart",Sweet Dreams (Are Made of This) - Remastered,125.14,4/4拍,83
英文样例,Bruno Mars,Talking to the Moon,145.84,4/4拍,83
英文样例,Joji,Die For You,147.8,4/4拍,83
英文样例,Calvin Harris,Summer,127.95,4/4拍,83
英文样例,Don Toliver,No Idea,128.0,4/4拍,83
英文样例,g3ox_em,GigaChad Theme - Phonk House Version,128.0,4/4拍,83
英文样例,The Beatles,Here Comes The Sun - Remastered 2009,129.17,4/4拍,83
英文样例,DJ Jeeh FDC,Puta Mexicana,130.0,4/4拍,83
英文样例,Grouplove,Tongue Tied,112.96,4/4拍,83
英文样例,BTS,Dynamite,114.04,4/4拍,83
英文样例,"Mark Ronson, Bruno Mars",Uptown Funk (feat. Bruno Mars),114.99,4/4拍,83
英文样例,Creedence Clearwater Revival,Fortunate Son,132.77,4/4拍,83
英文样例,AC/DC,Thunderstruck,133.52,4/4拍,83
英文样例,Måneskin,Beggin',134.0,4/4拍,83
英文样例,"DENNIS, Xamã, LUDMILLA",Deixa de Onda (Porra Nenhuma),135.04,4/4拍,83
英文样例,Peso Pluma,Siempre Pendientes,135.93,3/4拍,83
英文样例,Halsey,Without Me,136.04,4/4拍,83
英文样例,J. Cole,Wet Dreamz,175.63,4/4拍,83
英文样例,Elton John,I'm Still Standing,176.81,4/4拍,83
英文样例,Billie Eilish,i love you,137.45,4/4拍,83
英文样例,Coldplay,Fix You,138.18,4/4拍,83
英文样例,Gorillaz,Feel Good Inc.,138.56,4/4拍,83
英文样例,XXXTENTACION,Look At Me!,139.06,4/4拍,83
英文样例,Bryan Adams,Summer Of '69,139.13,4/4拍,83
英文样例,"Drake, Giveon",Chicago Freestyle (feat. Giveon),122.95,4/4拍,83
英文样例,"Jason Derulo, Adam Levine, Maroon 5",Lifestyle (feat. Adam Levine),123.06,4/4拍,83
英文样例,"Lady Gaga, Ariana Grande",Rain On Me (with Ariana Grande),123.06,4/4拍,83
英文样例,"21 Savage, Metro Boomin",Runnin,143.01,4/4拍,83
英文样例,Britney Spears,Toxic,143.04,4/4拍,83
英文样例,Brent Faiyaz,Dead Man Walking,143.93,4/4拍,83
英文样例,Post Malone,I Fall Apart,143.95,4/4拍,83
英文样例,Kevin Gates,Big Gangsta,144.91,4/4拍,83
英文样例,Jack Harlow,WHATS POPPIN,145.06,4/4拍,83
英文样例,NF,Let You Down,148.0,4/4拍,83
英文样例,Pop Smoke,AP - Music from the film Boogie,148.01,4/4拍,83
英文样例,Fuerza Regida,Ch y la Pizza,148.67,3/4拍,83
英文样例,Kendrick Lamar,HUMBLE.,150.01,4/4拍,83
英文样例,Jason Mraz,I'm Yours,150.95,4/4拍,83
英文样例,Ricky Montgomery,Mr Loverman,130.03,3/4拍,83
英文样例,"Megan Thee Stallion, DaBaby",Cry Baby (feat. DaBaby),130.06,4/4拍,83
英文样例,Mc Tato,Luz do Luar,130.13,4/4拍,83
英文样例,"PEDRO SAMPAIO, Daniel Caon, Wesley Safadão",FALA MAL DE MIM,165.04,4/4拍,83
英文样例,"Os Barões Da Pisadinha, Fernando & Sorocaba",Amor da Despedida,167.93,4/4拍,83
英文样例,"Polo G, Lil Tjay",Pop Out (feat. Lil Tjay),168.11,4/4拍,83
英文样例,Taylor Swift,Cruel Summer,169.99,4/4拍,83
英文样例,Calum Scott,You Are The Reason,171.01,3/4拍,83
英文样例,"Rihanna, JAY-Z",Umbrella,174.03,4/4拍,83
英文样例,Surf Curse,Freaks,179.63,4/4拍,83
英文样例,Lil Tecca,Ransom,179.97,4/4拍,83
英文样例,"Maluma, The Weeknd",Hawái - Remix,179.98,4/4拍,83
英文样例,Aya Nakamura,Copines,180.03,4/4拍,83
英文样例,KAROL G,"Ay, DiOs Mío!",180.03,4/4拍,83
英文样例,Taylor Swift,Midnight Rain,139.86,4/4拍,83
英文样例,Pamungkas,To the Bone,139.99,4/4拍,83
英文样例,"Kawe, Mc Lele JP",Mds,140.02,4/4拍,83
英文样例,"Robin Schulz, KIDDO",All We Got (feat. KIDDO),183.93,4/4拍,83
英文样例,Vitor Fernandes,Acaso,156.01,4/4拍,83
英文样例,"Bruno & Marrone, Wesley Safadão",Último Beijo,156.62,4/4拍,83
英文样例,Doja Cat,Vegas (From the Original Motion Picture Soundtrack ELVIS),159.97,4/4拍,83
英文样例,"Juice WRLD, YoungBoy Never Broke Again",Bandit (with YoungBoy Never Broke Again),180.05,4/4拍,83
英文样例,Olivia Rodrigo,deja vu,180.92,4/4拍,83
英文样例,Grupo Marca Registrada,Di Que Si,182.32,4/4拍,83
英文样例,Ed Sheeran,Happier,89.79,4/4拍,83
英文样例,"Wisin, Yandel, Farruko, Jon Z, Don Chezina, Chencho Corleone, Myke Towers","3G (feat. Jon Z, Don Chezina, Chencho Corleone & Myke Towers) - Remix",91.97,4/4拍,83
英文样例,"Chris Brown, Drake",No Guidance (feat. Drake),92.93,4/4拍,83
英文样例,"Jhay Cortez, Bad Bunny",CÓMO SE SIENTE - Remix,92.99,4/4拍,83
英文样例,"Bizarrap, Nathy Peluso","Nathy Peluso: Bzrp Music Sessions, Vol. 36",94.06,4/4拍,83
英文样例,"P!nk, Nate Ruess",Just Give Me a Reason (feat. Nate Ruess),95.0,4/4拍,83
英文样例,DMX,X Gon' Give It To Ya,95.03,4/4拍,83
英文样例,"Bad Bunny, Jowell & Randy, Ñengo Flow",Safaera,96.17,4/4拍,83
英文样例,Lil Baby,Freestyle,120.0,4/4拍,83
英文样例,SZA,Shirt,120.01,4/4拍,83
英文样例,"Mustard, Roddy Ricch",Ballin' (with Roddy Ricch),97.01,4/4拍,83
英文样例,Lynyrd Skynyrd,Sweet Home Alabama,97.8,4/4拍,83
英文样例,Lil Mosey,Blueberry Faygo,99.03,4/4拍,83
英文样例,"Pop Smoke, 50 Cent, Roddy Ricch",The Woo (feat. 50 Cent & Roddy Ricch),99.7,4/4拍,83
英文样例,Post Malone,Wow.,99.96,4/4拍,83
英文样例,DUSTY LOCANE,ROLLIN N CONTROLLIN FREESTYLE,72.79,4/4拍,83
英文样例,"Clean Bandit, Mabel, 24kGoldn",Tick Tock (feat. 24kGoldn),101.02,4/4拍,83
英文样例,Kenshi Yonezu,KICK BACK,101.92,4/4拍,83
英文样例,"Ed Sheeran, Justin Bieber",I Don't Care (with Justin Bieber),101.96,4/4拍,83
英文样例,Vishal-Shekhar,Jhoome Jo Pathaan,104.96,4/4拍,83
英文样例,"Usher, Lil Jon, Ludacris",Yeah! (feat. Lil Jon & Ludacris),105.02,4/4拍,83
英文样例,Miguel,Sure Thing - Sped Up,105.06,4/4拍,83
英文样例,R.E.M.,Losing My Religion,125.64,4/4拍,83
英文样例,"Sigala, James Arthur",Lasting Lover,125.98,4/4拍,83
英文样例,Queen,Another One Bites The Dust - Remastered 2011,109.97,4/4拍,83
英文样例,"Maroon 5, Wiz Khalifa",Payphone,110.02,4/4拍,83
英文样例,Lewis Capaldi,Bruises,111.2,4/4拍,83
英文样例,Lewis Capaldi,Before You Go,111.88,4/4拍,83
英文样例,Calum Scott,Dancing On My Own,112.67,4/4拍,83
英文样例,Taylor Swift,Lover,68.53,4/4拍,83
英文样例,Queen,Bohemian Rhapsody - Remastered 2011,71.1,4/4拍,83
英文样例,Duncan Laurence,Arcade,72.02,3/4拍,83
英文样例,Jeremy Zucker,comethru,93.98,4/4拍,82
英文样例,"Bad Bunny, Daddy Yankee",La Santa,93.04,4/4拍,82
英文样例,Eyedress,Jealous,93.01,4/4拍,82
英文样例,Morat,No Se Va,92.04,4/4拍,82
英文样例,Jhay Cortez,Christian Dior,92.03,4/4拍,82
英文样例,Dan + Shay,Glad You Exist,103.95,4/4拍,82
英文样例,"Kygo, Whitney Houston",Higher Love,103.95,4/4拍,82
英文样例,Paloma Faith,Only Love Can Hurt Like This,90.99,4/4拍,82
英文样例,"24kGoldn, Justin Bieber, J Balvin, iann dior","Mood (Remix) feat. Justin Bieber, J Balvin & iann dior",90.99,4/4拍,82
英文样例,Papa Roach,Last Resort,90.6,4/4拍,82
英文样例,Coldplay,Hymn for the Weekend,90.03,4/4拍,82
英文样例,"Juice WRLD, Marshmello, The Kid LAROI, Polo G",Hate The Other Side (with Marshmello & The Kid Laroi),90.0,4/4拍,82
英文样例,"Post Malone, Swae Lee",Sunflower - Spider-Man: Into the Spider-Verse,89.96,4/4拍,82
英文样例,Imagine Dragons,Demons,89.94,4/4拍,82
英文样例,Justin Bieber,Deserve You,89.93,4/4拍,82
英文样例,"Machine Gun Kelly, CORPSE",DAYWALKER! (feat. CORPSE),88.97,4/4拍,82
英文样例,"Maluma, Beéle, Rauw Alejandro, Mambo Kingz, DJ Luian, Darell",Aloha,100.0,4/4拍,82
英文样例,Imagine Dragons,Natural,100.0,4/4拍,82
英文样例,"DJ Snake, Justin Bieber",Let Me Love You,99.99,4/4拍,82
英文样例,Lil Mosey,Blueberry Faygo,99.03,4/4拍,82
英文样例,Mabel,Don't Call Me Up,98.99,4/4拍,82
英文样例,Jaymes Young,Happiest Year,112.28,3/4拍,82
英文样例,"DJ Snake, Selena Gomez",Selfish Love (with Selena Gomez),110.97,4/4拍,82
英文样例,Rainbow Kitten Surprise,It's Called: Freefall,97.94,4/4拍,82
英文样例,Junior H,Los Botones Azules,97.5,3/4拍,82
英文样例,Bad Bunny,Yo Perreo Sola,97.01,4/4拍,82
英文样例,Twenty One Pilots,Shy Away,96.97,4/4拍,82
英文样例,Red Hot Chili Peppers,Californication,96.48,4/4拍,82
英文样例,Taylor Swift,All Of The Girls You Loved Before,95.96,3/4拍,82
英文样例,"Grover Washington, Jr., Bill Withers",Just the Two of Us (feat. Bill Withers),95.77,4/4拍,82
英文样例,"Marshmello, Anne-Marie",FRIENDS,95.08,4/4拍,82
英文样例,Outkast,Ms. Jackson,94.95,4/4拍,82
英文样例,"Camila Cabello, Young Thug",Havana (feat. Young Thug),104.99,4/4拍,82
英文样例,"Sia, David Guetta",Floating Through Space,104.91,4/4拍,82
英文样例,Wilbur Soot,Your New Boyfriend,104.53,4/4拍,82
英文样例,Kanye West,Stronger,103.99,4/4拍,82
英文样例,Plain White Ts,Hey There Delilah,103.97,4/4拍,82
英文样例,Journey,Don't Stop Believin',118.85,4/4拍,82
英文样例,Childish Gambino,Me and Your Mama,118.07,3/4拍,82
英文样例,Dua Lipa,Levitating,103.01,4/4拍,82
英文样例,"Jeremy Zucker, Chelsea Cutler",you were good to me,102.13,4/4拍,82
英文样例,MKTO,Classic,102.07,4/4拍,82
英文样例,Rauw Alejandro,LOKERA,102.02,4/4拍,82
英文样例,"Justin Bieber, Burna Boy",Loved By You (feat. Burna Boy),101.04,4/4拍,82
英文样例,WILLOW,Wait a Minute!,101.0,4/4拍,82
英文样例,"Drake, Rick Ross",Money In The Grave (Drake ft. Rick Ross),100.54,4/4拍,82
英文样例,Clinton Kane,CHICKEN TENDIES,100.09,4/4拍,82
英文样例,Charlie Puth,Attention,100.07,4/4拍,82
英文样例,"Nelly Furtado, Timbaland",Promiscuous,114.33,4/4拍,82
英文样例,beabadoobee,Glue Song,113.95,3/4拍,82
英文样例,Guilherme & Benuto,Pulei na Piscina - Ao Vivo,113.79,4/4拍,82
英文样例,Jonas Brothers,What A Man Gotta Do,113.04,4/4拍,82
英文样例,"Lil Baby, Gunna",Drip Too Hard (Lil Baby & Gunna),112.51,4/4拍,82
英文样例,Ed Sheeran,Celestial,123.04,4/4拍,82
英文样例,Vedo,You Got It,122.07,4/4拍,82
英文样例,80purppp,Hex,110.0,4/4拍,82
英文样例,"Ariana Grande, Doja Cat, Megan Thee Stallion","34+35 Remix (feat. Doja Cat, Megan Thee Stallion) - Remix",109.99,4/4拍,82
英文样例,"Kina, Adriana Proenza",Can We Kiss Forever?,109.99,4/4拍,82
英文样例,Lizzo,About Damn Time,108.97,4/4拍,82
英文样例,Zé Neto & Cristiano,Oi Balde - Ao Vivo,108.0,4/4拍,82
英文样例,The Weeknd,Can't Feel My Face,107.95,4/4拍,82
英文样例,Rema,Calm Down,107.01,4/4拍,82
英文样例,Sabrina Carpenter,Skin,105.92,4/4拍,82
英文样例,Coldplay,My Universe,104.99,4/4拍,82
英文样例,Mike Posner,Please Don't Go,120.02,4/4拍,82
英文样例,Becky G,Shower,119.99,4/4拍,82
英文样例,Marshmello,Leave Before You Love Me (with Jonas Brothers),119.98,4/4拍,82
英文样例,Billie Eilish,Bored,119.96,4/4拍,82
英文样例,Justin Bieber,2 Much,119.59,4/4拍,82
英文样例,Dean Lewis,Be Alright,126.68,4/4拍,82
英文样例,Rels B,cómo dormiste?,126.43,5/4拍,82
英文样例,Capital Cities,Safe And Sound,117.96,5/4拍,82
英文样例,Tiësto,The Motto,117.95,4/4拍,82
英文样例,"Kardinal Offishall, Akon",Dangerous,117.0,4/4拍,82
英文样例,"Shawn Mendes, Camila Cabello",Señorita,116.97,4/4拍,82
英文样例,"Ariana Grande, Doja Cat",motive (with Doja Cat),116.96,4/4拍,82
英文样例,Dua Lipa,New Rules,116.07,4/4拍,82
英文样例,Vishal-Shekhar,"Besharam Rang (From ""Pathaan"")",116.0,4/4拍,82
英文样例,Udo Lindenberg,Komet,115.02,4/4拍,82
英文样例,"Martin Garrix, Tove Lo",Pressure (feat. Tove Lo),114.98,4/4拍,82
英文样例,"Pitbull, Ne-Yo",Time of Our Lives,124.04,4/4拍,82
英文样例,J. Cole,MIDDLE CHILD,123.98,4/4拍,82
英文样例,Calvin Harris,This Is What You Came For,123.96,4/4拍,82
英文样例,Jack Harlow,Tyler Herro,123.07,4/4拍,82
英文样例,Frank Ocean,Lost,123.06,4/4拍,82
英文样例,Farruko,Pepas,130.0,4/4拍,82
英文样例,"Marvin Gaye, Tammi Terrell",Ain't No Mountain High Enough,129.99,4/4拍,82
英文样例,"KSI, YUNGBLUD, Polo G",Patience (feat. YUNGBLUD & Polo G),122.01,4/4拍,82
英文样例,Imanbek,Belly Dancer,121.98,4/4拍,82
英文样例,Miley Cyrus,Angels Like You,121.98,4/4拍,82
英文样例,GAYLE,abcdefu,121.93,4/4拍,82
英文样例,Ashnikko,Daisy,121.88,4/4拍,82
英文样例,Morgan Wallen,Ain’t That Some,121.09,4/4拍,82
英文样例,5 Seconds of Summer,Youngblood,120.27,4/4拍,82
英文样例,Maroon 5,Sugar,120.08,4/4拍,82
英文样例,Maroon 5,Maps,120.03,4/4拍,82
英文样例,WALK THE MOON,Shut Up and Dance,128.04,4/4拍,82
英文样例,"Miley Cyrus, Dua Lipa",Prisoner (feat. Dua Lipa),127.99,4/4拍,82
英文样例,Black Eyed Peas,I Gotta Feeling,127.96,4/4拍,82
英文样例,Calvin Harris,Feel So Close - Radio Edit,127.94,4/4拍,82
英文样例,System Of A Down,Chop Suey!,127.07,4/4拍,82
英文样例,"JAY-Z, Kanye West",Ni**as In Paris,140.02,4/4拍,82
英文样例,"Lil Baby, EST Gee",Real As It Gets (feat. EST Gee),140.0,4/4拍,82
英文样例,"VINAI, VAMERO",Rise Up (feat. Vamero),126.04,4/4拍,82
英文样例,Matt Sassari,Give It To Me - Full Vocal Mix,126.03,4/4拍,82
英文样例,Rihanna,Only Girl (In The World),125.91,4/4拍,82
英文样例,"Dynoro, Gigi DAgostino",In My Mind,125.9,4/4拍,82
英文样例,Guns N Roses,Sweet Child O' Mine,125.12,4/4拍,82
英文样例,TOMORROW X TOGETHER,Sugar Rush Ride,125.02,4/4拍,82
英文样例,Coldplay,A Sky Full of Stars,124.97,4/4拍,82
英文样例,Fousheé,Deep End,124.75,4/4拍,82
英文样例,"MEDUZA, Goodboys",Piece Of Your Heart,124.08,4/4拍,82
英文样例,Patrick Watson,Je te laisserai des mots,132.73,4/4拍,82
英文样例,Ariana Grande,pov,131.8,4/4拍,82
英文样例,Mooski,Track Star,131.46,5/4拍,82
英文样例,Mac DeMarco,Chamber Of Reflection,131.03,4/4拍,82
英文样例,BLACKPINK,How You Like That,130.03,4/4拍,82
英文样例,Neon Trees,Everybody Talks,154.96,4/4拍,82
英文样例,grandson,Blood // Water,154.03,4/4拍,82
英文样例,Dayglow,Can I Call You Tonight?,129.98,4/4拍,82
英文样例,Drake,Spin Bout U,129.96,4/4拍,82
英文样例,girl in red,we fell in love in october,129.96,4/4拍,82
英文样例,girl in red,we fell in love in october,129.96,4/4拍,82
英文样例,carolesdaughter,Violent,129.96,4/4拍,82
英文样例,Bad Bunny,Si Veo a Tu Mamá,129.93,4/4拍,82
英文样例,keshi,LIMBO,129.92,4/4拍,82
英文样例,Måneskin,THE LONELIEST,129.79,4/4拍,82
英文样例,"Pitbull, Ne-Yo, Afrojack, Nayer","Give Me Everything (feat. Ne-Yo, Afrojack & Nayer)",129.02,4/4拍,82
英文样例,Calvin Harris,Miracle (with Ellie Goulding),143.01,4/4拍,82
英文样例,Juice WRLD,Righteous,142.95,4/4拍,82
英文样例,Pop Smoke,Invincible,142.79,4/4拍,82
英文样例,Adele,Easy On Me,141.98,4/4拍,82
英文样例,"Marshmello, Khalid",Silence,141.97,4/4拍,82
英文样例,"Rauw Alejandro, J Balvin",De Cora <3,176.04,4/4拍,82
英文样例,"Rauw Alejandro, Anuel AA",Reloj,175.96,4/4拍,82
英文样例,Morgan Wallen,Thinkin’ Bout Me,139.97,4/4拍,82
英文样例,Shawn Mendes,Wonder,139.9,4/4拍,82
英文样例,Coldplay,Paradise,139.63,4/4拍,82
英文样例,One Direction,Drag Me Down,138.11,4/4拍,82
英文样例,Maiara & Maraisa,A Culpa É Nossa - Ao Vivo,138.06,4/4拍,82
英文样例,Khalid,Young Dumb & Broke,136.95,4/4拍,82
英文样例,Moneybagg Yo,Time Today,136.92,4/4拍,82
英文样例,Elton John,"Rocket Man (I Think It's Going To Be A Long, Long Time)",136.57,4/4拍,82
英文样例,Taylor Swift,Mr. Perfectly Fine (Taylor’s Version) (From The Vault),135.94,4/4拍,82
英文样例,"Big Sean, Post Malone",Wolves (feat. Post Malone),160.05,4/4拍,82
英文样例,Gusttavo Lima,Saudade da Minha Vida - Ao Vivo,158.93,4/4拍,82
英文样例,MARINA,Bubblegum Bitch,158.02,4/4拍,82
英文样例,Queen,Don't Stop Me Now - Remastered 2011,156.29,4/4拍,82
英文样例,"Lyanno, Rauw Alejandro, Lenny Tavárez, Maria Becerra",En Tu Cuerpo - Remix,156.01,4/4拍,82
英文样例,Kings of Leon,Sex on Fire,153.4,4/4拍,82
英文样例,Luke Combs,Forever After All,151.96,4/4拍,82
英文样例,Fleetwood Mac,The Chain - 2004 Remaster,151.55,4/4拍,82
英文样例,Future,Mask Off,150.06,4/4拍,82
英文样例,"Juice WRLD, The Kid LAROI",Reminds Me Of You,149.99,4/4拍,82
英文样例,The Killers,Mr. Brightside,148.03,4/4拍,82
英文样例,Eslabon Armado,Ella Baila Sola,147.99,3/4拍,82
英文样例,Billie Eilish,ocean eyes,144.89,4/4拍,82
英文样例,Labrinth,Formula,144.65,4/4拍,82
英文样例,"ZAYN, Sia",Dusk Till Dawn - Radio Edit,180.04,4/4拍,82
英文样例,Imagine Dragons,Bad Liar,177.91,4/4拍,82
英文样例,Electric Light Orchestra,Mr. Blue Sky,177.76,4/4拍,82
英文样例,"Bad Bunny, Tainy",Callaita,176.17,4/4拍,82
英文样例,Fall Out Boy,Centuries,176.04,4/4拍,82
英文样例,"Nio Garcia, Flow La Movie",Am,171.96,4/4拍,82
英文样例,Bad Bunny,HACIENDO QUE ME AMAS,169.93,4/4拍,82
英文样例,Olivia Rodrigo,happier,168.92,3/4拍,82
英文样例,"Ozuna, Camilo",Despeinada,166.04,4/4拍,82
英文样例,Junior H,El Hijo Mayor,165.33,3/4拍,82
英文样例,"Wesley Safadão, Os Barões Da Pisadinha","Ele É Ele, Eu Sou Eu",163.95,4/4拍,82
英文样例,"Wesley Safadão, Os Barões Da Pisadinha","Ele É Ele, Eu Sou Eu",163.95,4/4拍,82
英文样例,Lana Del Rey,A&W,161.67,4/4拍,82
英文样例,Childish Gambino,Redbone,160.11,4/4拍,82
英文样例,Morgan Wallen,Wasted On You,196.0,3/4拍,82
英文样例,Lil Nas X,THATS WHAT I WANT,87.98,4/4拍,82
英文样例,"Kane Brown, Swae Lee, Khalid",Be Like That - feat. Swae Lee & Khalid,86.97,4/4拍,82
英文样例,"Meek Mill, Drake",Going Bad (feat. Drake),86.0,4/4拍,82
英文样例,"Migrantes, Alico",Si Me Tomo Una Cerveza,84.97,4/4拍,82
英文样例,"Yung Bleu, Drake",You’re Mines Still (feat. Drake),83.0,4/4拍,82
英文样例,Nicki Minaj,Red Ruby Da Sleeze,98.36,4/4拍,82
英文样例,"French Montana, Swae Lee",Unforgettable,97.98,4/4拍,82
英文样例,Justin Timberlake,Mirrors,76.9,4/4拍,82
英文样例,Twenty One Pilots,Ride,74.99,4/4拍,82
英文样例,Matheus & Kauan,Não Vitalício (Nunca Mais) - Ao Vivo,71.49,4/4拍,82
英文样例,Pop Smoke,Element,61.31,5/4拍,82
英文样例,Sleep Miracle,Brown Sleep Noise,59.51,4/4拍,82
英文样例,Sam Smith,Too Good At Goodbyes,91.87,4/4拍,82
英文样例,Miley Cyrus,Jaded,91.04,4/4拍,82
英文样例,Drake,Toosie Slide,81.62,4/4拍,82
英文样例,Eminem,Stan,80.06,4/4拍,82
英文样例,Roar,I Can't Handle Change,185.72,3/4拍,82
英文样例,Pop Smoke,Got It On Me,88.83,4/4拍,81
英文样例,The Neighbourhood,You Get Me So High,88.04,4/4拍,81
英文样例,"gnash, Olivia OBrien","i hate u, i love u (feat. olivia o'brien)",92.6,4/4拍,81
英文样例,"The Kid LAROI, Machine Gun Kelly","F*CK YOU, GOODBYE (feat. Machine Gun Kelly)",92.06,4/4拍,81
英文样例,Bad Bunny,A Tu Merced,92.02,4/4拍,81
英文样例,Red Hot Chili Peppers,Can't Stop,91.46,4/4拍,81
英文样例,Kim Dracula,Paparazzi,91.01,4/4拍,81
英文样例,Mimi Webb,Good Without,89.96,4/4拍,81
英文样例,Taylor Swift,august,89.94,4/4拍,81
英文样例,ABBA,Dancing Queen,100.8,4/4拍,81
英文样例,Rauw Alejandro,Algo Mágico,100.13,4/4拍,81
英文样例,Giveon,Heartbreak Anniversary,87.06,5/4拍,81
英文样例,Lord Huron,The Night We Met,87.01,3/4拍,81
英文样例,MC Ryan SP,Namora Aí,86.63,4/4拍,81
英文样例,Taylor Swift,You Need To Calm Down,85.03,4/4拍,81
英文样例,"The Script, will.i.am",Hall of Fame (feat. will.i.am),84.79,4/4拍,81
英文样例,Red Hot Chili Peppers,Under the Bridge,84.58,4/4拍,81
英文样例,Hoobastank,The Reason,82.95,4/4拍,81
英文样例,Dua Lipa,IDGAF,97.03,4/4拍,81
英文样例,Bryson Tiller,Don't,96.99,4/4拍,81
英文样例,Taylor Swift,Blank Space,96.0,4/4拍,81
英文样例,The 1975,About You,95.97,4/4拍,81
英文样例,Britney Spears,Oops!...I Did It Again,95.05,4/4拍,81
英文样例,Evanescence,Bring Me To Life,94.61,4/4拍,81
英文样例,Cigarettes After Sex,Apocalypse,94.47,4/4拍,81
英文样例,Rauw Alejandro,PANTIES Y BRASIERES,107.04,4/4拍,81
英文样例,Jack Harlow,First Class,107.0,4/4拍,81
英文样例,"Daddy Yankee, Snow",Con Calma,93.99,4/4拍,81
英文样例,"Dr. Dre, Snoop Dogg",Still D.R.E.,93.43,4/4拍,81
英文样例,The Weeknd,Out of Time,93.06,4/4拍,81
英文样例,J. Cole,Work Out,93.0,4/4拍,81
英文样例,"David Guetta, Sia",Let's Love,93.0,4/4拍,81
英文样例,"Ed Sheeran, Khalid",Beautiful People (feat. Khalid),92.98,4/4拍,81
英文样例,"Internet Money, Lil Tecca, Lil Mosey",JETSKI (feat. Lil Mosey & Lil Tecca),92.95,4/4拍,81
英文样例,Sam Smith,Diamonds,104.18,4/4拍,81
英文样例,"Khalid, Disclosure",Know Your Worth,103.01,4/4拍,81
英文样例,"Sam Smith, Normani",Dancing With A Stranger (with Normani),103.0,4/4拍,81
英文样例,Rihanna,Bitch Better Have My Money,102.99,4/4拍,81
英文样例,Lewis Capaldi,Forget Me,101.98,4/4拍,81
英文样例,Vance Joy,Riptide,101.65,4/4拍,81
英文样例,Charlie Puth,Left and Right (Feat. Jung Kook of BTS),101.06,4/4拍,81
英文样例,BTS,Dynamite,114.04,4/4拍,81
英文样例,Lana Del Rey,Young And Beautiful,113.99,4/4拍,81
英文样例,Justin Bieber,Sorry,99.94,4/4拍,81
英文样例,"Ashe, FINNEAS",Till Forever Falls Apart,99.73,4/4拍,81
英文样例,"Miksu / Macloud, Nimo, Jamule",Frag mich nicht,99.05,4/4拍,81
英文样例,Carin Leon,No Es Por Acá,97.57,3/4拍,81
英文样例,MGMT,Little Dark Age,97.51,4/4拍,81
英文样例,Yuridia,Qué Agonía,97.5,4/4拍,81
英文样例,Arctic Monkeys,R U Mine?,97.09,4/4拍,81
英文样例,Felix Jaehn,Call It Love,110.03,4/4拍,81
英文样例,Spice Girls,Wannabe,110.01,4/4拍,81
英文样例,Miley Cyrus,Midnight Sky,110.0,4/4拍,81
英文样例,"Metro Boomin, Gunna",Space Cadet (feat. Gunna),109.0,4/4拍,81
英文样例,"Purple Disco Machine, Sophie and the Giants",Hypnotized,108.08,4/4拍,81
英文样例,"Jack Harlow, Big Sean",Way Out (feat. Big Sean),108.02,4/4拍,81
英文样例,Harry Styles,Music For a Sushi Restaurant,107.04,4/4拍,81
英文样例,"Aaron Smith, Krono, Luvli",Dancin (feat. Luvli) - Krono Remix,119.9,4/4拍,81
英文样例,Ashe,Moral of the Story,119.81,4/4拍,81
英文样例,Lewis Capaldi,Hold Me While You Wait,106.96,4/4拍,81
英文样例,"Doja Cat, Gucci Mane",Like That (feat. Gucci Mane),106.04,4/4拍,81
英文样例,Mitski,Washing Machine Heart,106.0,4/4拍,81
英文样例,Lil Peep,Save That Shit,106.0,4/4拍,81
英文样例,"Camila Cabello, DaBaby",My Oh My (feat. DaBaby),105.05,4/4拍,81
英文样例,"Black Eyed Peas, J Balvin",RITMO (Bad Boys For Life),104.99,4/4拍,81
英文样例,TV Girl,Not Allowed,104.96,4/4拍,81
英文样例,"Lil Tjay, Polo G, Fivio Foreign",Headshot (feat. Polo G & Fivio Foreign),118.0,4/4拍,81
英文样例,PARTYNEXTDOOR,Break from Toronto,117.07,4/4拍,81
英文样例,"Justin Timberlake, Timbaland",SexyBack (feat. Timbaland),117.0,4/4拍,81
英文样例,"Bausa, Apache 207",Madonna,116.96,4/4拍,81
英文样例,"Daft Punk, Pharrell Williams, Nile Rodgers",Get Lucky (feat. Pharrell Williams & Nile Rodgers) - Radio Edit,116.05,4/4拍,81
英文样例,Kali Uchis,Melting,115.26,4/4拍,81
英文样例,Harry Styles,Matilda,114.2,4/4拍,81
英文样例,Daft Punk,One More Time,122.75,4/4拍,81
英文样例,P!nk,TRUSTFALL,122.03,4/4拍,81
英文样例,"Queen, David Bowie",Under Pressure - Remastered 2011,113.8,4/4拍,81
英文样例,TV Girl,Cigarettes out the Window,113.55,4/4拍,81
英文样例,George Ezra,Green Green Grass,112.97,4/4拍,81
英文样例,Conan Gray,Memories,112.97,4/4拍,81
英文样例,Drake,Passionfruit,111.98,4/4拍,81
英文样例,Rihanna,Needed Me,110.9,4/4拍,81
英文样例,Frank Ocean,Chanel,110.13,4/4拍,81
英文样例,"Lil Tjay, Offset, Moneybagg Yo",Run It Up (feat. Offset & Moneybagg Yo),120.03,4/4拍,81
英文样例,"Nea, Felix Jaehn",Some Say - Felix Jaehn Remix,120.03,4/4拍,81
英文样例,Bebe Rexha,Sacrifice,119.99,4/4拍,81
英文样例,Lukas Graham,7 Years,119.99,4/4拍,81
英文样例,Tiësto,Don't Be Shy,119.99,4/4拍,81
英文样例,Marshmello,Numb,119.97,4/4拍,81
英文样例,"Machine Gun Kelly, YUNGBLUD, Travis Barker",I Think I'm OKAY (with YUNGBLUD & Travis Barker),119.92,4/4拍,81
英文样例,Lil Baby,Pure Cocaine,127.05,4/4拍,81
英文样例,Kendrick Lamar,LOVE. FEAT. ZACARI.,126.06,4/4拍,81
英文样例,Giveon,Like I Want You,119.77,3/4拍,81
英文样例,Morgan Wallen,You Proof,119.71,4/4拍,81
英文样例,DNCE,Cake By The Ocean,119.0,4/4拍,81
英文样例,Kali Uchis,Dead To Me,119.0,4/4拍,81
英文样例,"Regard, RAYE",Secrets,118.96,4/4拍,81
英文样例,The Weeknd,Save Your Tears (with Ariana Grande) (Remix),118.09,4/4拍,81
英文样例,The Weeknd,Save Your Tears (Remix) (with Ariana Grande) - Bonus Track,118.09,4/4拍,81
英文样例,Jorge & Mateus,5 Regras - Ao Vivo,124.18,4/4拍,81
英文样例,One Direction,18,124.04,4/4拍,81
英文样例,"Toby Romeo, Felix Jaehn, FAULHABER",Where The Lights Are Low,123.9,4/4拍,81
英文样例,Yot Club,YKWIM?,123.74,3/4拍,81
英文样例,Lana Del Rey,West Coast,123.17,4/4拍,81
英文样例,Axwell /\\ Ingrosso,More Than You Know,123.08,4/4拍,81
英文样例,Bon Jovi,You Give Love A Bad Name,122.8,4/4拍,81
英文样例,4 Non Blondes,What's Up?,134.35,4/4拍,81
英文样例,Måneskin,I WANNA BE YOUR SLAVE,132.51,4/4拍,81
英文样例,Drake,Pussy & Millions (feat. Travis Scott),122.03,4/4拍,81
英文样例,Ariana Grande,no tears left to cry,121.99,4/4拍,81
英文样例,Jaymes Young,Infinity,121.96,4/4拍,81
英文样例,BTS,Blue & Grey,121.95,4/4拍,81
英文样例,Matheus & Kauan,Pactos - Ao Vivo,121.78,4/4拍,81
英文样例,"Alok, Ilkay Sencan, Tove Lo",Don't Say Goodbye (feat. Tove Lo),120.06,4/4拍,81
英文样例,Taylor Swift,"You're On Your Own, Kid",120.04,4/4拍,81
英文样例,Matheus & Kauan,É Problema,129.76,4/4拍,81
英文样例,"Gotye, Kimbra",Somebody That I Used To Know,129.06,4/4拍,81
英文样例,"BENEE, Gus Dapperton",Supalonely,128.98,4/4拍,81
英文样例,"Anne-Marie, KSI, Digital Farm Animals",Don't Play,128.03,4/4拍,81
英文样例,"Flo Rida, T-Pain",Low (feat. T-Pain),128.01,4/4拍,81
英文样例,Avicii,Waiting For Love,128.0,4/4拍,81
英文样例,AC/DC,You Shook Me All Night Long,127.36,4/4拍,81
英文样例,Arctic Monkeys,505,140.27,4/4拍,81
英文样例,"League of Legends, Against The Current",Legends Never Die,140.08,4/4拍,81
英文样例,"Earth, Wind & Fire",September,125.93,4/4拍,81
英文样例,TWICE,MOONLIGHT SUNRISE,125.09,4/4拍,81
英文样例,Ariana Grande,One Last Time,125.03,4/4拍,81
英文样例,IVE,After LIKE,125.01,4/4拍,81
英文样例,JIN,The Astronaut,124.99,4/4拍,81
英文样例,"Selena Gomez, Marshmello",Wolves,124.99,4/4拍,81
英文样例,ACRAZE,Do It To It,124.93,4/4拍,81
英文样例,Coldplay,Viva La Vida,138.01,4/4拍,81
英文样例,"Rod Wave, Polo G",Richer (feat. Polo G),137.9,3/4拍,81
英文样例,Liana Flores,rises the moon,137.35,3/4拍,81
英文样例,Junior H,COLOGNE,137.02,4/4拍,81
英文样例,Eliza Rose,B.O.T.A. (Baddest Of Them All) - Edit,137.0,4/4拍,81
英文样例,"Justin Bieber, Dominic Fike",Die For You (feat. Dominic Fike),135.03,4/4拍,81
英文样例,Imagine Dragons,Whatever It Takes,134.94,4/4拍,81
英文样例,Dire Straits,Sultans Of Swing,148.17,4/4拍,81
英文样例,Bruno Mars,Leave The Door Open,148.09,4/4拍,81
英文样例,MC Zaquin,Ô Moça,130.04,4/4拍,81
英文样例,Lil Tjay,Sex Sounds,130.03,4/4拍,81
英文样例,Juice WRLD,Armed And Dangerous,130.03,4/4拍,81
英文样例,StaySolidRocky,Party Girl,130.02,4/4拍,81
英文样例,"Pitbull, Kesha",Timber (feat. Ke$ha),129.99,4/4拍,81
英文样例,Lady Gaga,Always Remember Us This Way,129.98,4/4拍,81
英文样例,"DDG, Blueface",Moonwalking in Calabasas (feat. Blueface) - Remix,129.97,4/4拍,81
英文样例,Fuerza Regida,Igualito a Mi Apá,144.91,4/4拍,81
英文样例,MAGIC!,Rude,144.03,4/4拍,81
英文样例,"Kid Cudi, Skepta, Pop Smoke",Show Out (with Skepta & Pop Smoke),143.9,4/4拍,81
英文样例,Manuel Turizo,Quiéreme Mientras Se Pueda,143.86,4/4拍,81
英文样例,Juice WRLD,Legends,142.05,4/4拍,81
英文样例,Brent Faiyaz,ALL MINE,141.97,4/4拍,81
英文样例,Travis Scott,BUTTERFLY EFFECT,140.96,4/4拍,81
英文样例,KALEO,Way down We Go,163.26,4/4拍,81
英文样例,Simone & Simaria,Foi Pá Pum,161.86,4/4拍,81
英文样例,"Post Malone, Ty Dolla $ign",Psycho (feat. Ty Dolla $ign),140.06,4/4拍,81
英文样例,DaBaby,Masterpiece,139.99,4/4拍,81
英文样例,Playboi Carti,Sky,139.98,4/4拍,81
英文样例,Luke Combs,Love You Anyway,139.81,4/4拍,81
英文样例,Justine Skye,Collide (feat. Tyga),139.61,4/4拍,81
英文样例,Christina Perri,A Thousand Years,139.03,3/4拍,81
英文样例,Kendrick Lamar,PRIDE.,138.84,4/4拍,81
英文样例,TWICE,I CAN'T STOP ME,150.08,4/4拍,81
英文样例,"Post Malone, Young Thug",Goodbyes (feat. Young Thug),150.07,4/4拍,81
英文样例,Loreen,Tattoo,150.0,4/4拍,81
英文样例,Lil Nas X,INDUSTRY BABY (feat. Jack Harlow),150.0,4/4拍,81
英文样例,Morgan Wallen,Whiskey Glasses,149.96,4/4拍,81
英文样例,James Arthur,Car's Outside,149.91,4/4拍,81
英文样例,blink-182,All The Small Things,148.73,4/4拍,81
英文样例,J. Cole,Wet Dreamz,175.91,4/4拍,81
英文样例,Sia,Unstoppable,173.8,4/4拍,81
英文样例,"Justin Bieber, Quavo",Intentions (feat. Quavo),147.99,4/4拍,81
英文样例,Harry Styles,Kiwi,147.12,4/4拍,81
英文样例,Naiara Azevedo,Palhaça - Ao Vivo,146.06,4/4拍,81
英文样例,Drake,Knife Talk (with 21 Savage ft. Project Pat),145.89,4/4拍,81
英文样例,Ariana Grande,God is a woman,145.03,4/4拍,81
英文样例,Lana Del Rey,Doin' Time,144.98,4/4拍,81
英文样例,Rex Orange County,Best Friend,144.98,4/4拍,81
英文样例,Joji,YEAH RIGHT,169.03,4/4拍,81
英文样例,"Xand Avião, DJ Ivis, Mc Danny",Não Pode Se Apaixonar,168.12,4/4拍,81
英文样例,"C. Tangana, Niño de Elche, La Húngara",Tú Me Dejaste De Querer,168.02,4/4拍,81
英文样例,Ana Castela,DONA DE MIM,167.92,4/4拍,81
英文样例,The Cranberries,Zombie,166.97,4/4拍,81
英文样例,Juice WRLD,Lean Wit Me,163.94,4/4拍,81
英文样例,"Brent Faiyaz, DJ Dahi, Tyler, The Creator","Gravity (feat. Tyler, The Creator)",163.92,4/4拍,81
英文样例,"Luísa Sonza, Pabllo Vittar, Anitta",MODO TURBO,160.06,4/4拍,81
英文样例,Pharrell Williams,"Happy - From ""Despicable Me 2""",160.02,4/4拍,81
英文样例,Gusttavo Lima,Fala Comigo - Ao Vivo,160.0,4/4拍,81
英文样例,"The Chainsmokers, Daya",Don't Let Me Down,159.8,4/4拍,81
英文样例,NewJeans,Cookie,156.94,4/4拍,81
英文样例,"KASIMIR1441, badmómzjay, WILDBWOYS",Ohne Dich,156.01,4/4拍,81
英文样例,"Jonas Esticado, Gusttavo Lima",Ele Não Tem,155.04,4/4拍,81
英文样例,Alessia Cara,Scars To Your Beautiful,194.17,4/4拍,81
英文样例,Maroon 5,Animals,189.87,4/4拍,81
英文样例,All Time Low,"Dear Maria, Count Me In",181.04,4/4拍,81
英文样例,Feid,Prohibidox,180.11,4/4拍,81
英文样例,Bad Bunny,La Difícil,179.87,4/4拍,81
英文样例,Dove Cameron,Boyfriend,179.77,3/4拍,81
英文样例,"El Fantasma, Los Dos Carnales",Cabrón y Vago - En Vivo,176.28,3/4拍,81
英文样例,"Nio Garcia, Anuel AA, Myke Towers, Brray, Juanka",La Jeepeta - Remix,176.01,4/4拍,81
英文样例,"JAY-Z, Alicia Keys",Empire State Of Mind,173.58,4/4拍,81
英文样例,"Alex Rose, Rauw Alejandro",Me Fije,172.02,4/4拍,81
英文样例,Rihanna,Love On The Brain,172.01,3/4拍,81
英文样例,Bad Bunny,Si Estuviésemos Juntos,171.85,4/4拍,81
英文样例,Taylor Swift,champagne problems,171.32,4/4拍,81
英文样例,Billie Eilish,idontwannabeyouanymore,170.16,3/4拍,81
英文样例,Tainy,Lo Siento BB:/ (with Bad Bunny & Julieta Venegas),169.89,4/4拍,81
英文样例,Imagine Dragons,Enemy (with JID) - from the series Arcane League of Legends,77.01,4/4拍,81
英文样例,"Fernando & Sorocaba, Tarcísio do Acordeon",Só Não Divulga,75.85,4/4拍,81
英文样例,YUNGBLUD,parents,82.0,4/4拍,81
英文样例,Dean Lewis,How Do I Say Goodbye,81.55,4/4拍,81
英文样例,Khalid,Location,80.13,4/4拍,81
英文样例,"A$AP Rocky, Skepta",Praise The Lord (Da Shine) (feat. Skepta),80.02,4/4拍,81
英文样例,Guns N Roses,November Rain,79.76,4/4拍,81
英文样例,"Tyler, The Creator",EARFQUAKE,79.64,4/4拍,81
英文样例,"Justin Bieber, benny blanco",Lonely (with benny blanco),79.46,4/4拍,81
英文样例,J Balvin,Azul,94.02,4/4拍,81
英文样例,Don Omar,Dile,94.0,4/4拍,81
英文样例,"Taylor Swift, Bon Iver",exile (feat. Bon Iver),75.6,4/4拍,81
英文样例,Mac DeMarco,For the First Time,75.52,4/4拍,81
英文样例,BANNERS,Someone To You,74.99,4/4拍,81
英文样例,Sasha Sloan,Dancing With Your Ghost,74.95,4/4拍,81
英文样例,"Daniel Caesar, Kali Uchis",Get You (feat. Kali Uchis),74.04,4/4拍,81
英文样例,"The Kid LAROI, Juice WRLD",GO (feat. Juice WRLD),73.78,4/4拍,81
英文样例,Cults,Gilded Lily,61.86,4/4拍,81
英文样例,"Rihanna, Kanye West, Paul McCartney",FourFiveSeconds,205.85,4/4拍,80
英文样例,Ariana Grande,"break up with your girlfriend, i'm bored",170.0,4/4拍,80
英文样例,Chris Jedi,La Llevo Al Cielo (Ft. Ñengo Flow),170.02,4/4拍,80
英文样例,Rod Wave,Street Runner,160.0,4/4拍,80
英文样例,Juice WRLD,Conversations,159.93,4/4拍,80
英文样例,Polo G,Through Da Storm,74.35,4/4拍,80
